Workbook

Sheet 0_Cover
B2: PERHITUNGAN MANUAL K-MEANS++
B3: Pengembangan Model Konseptual Intelijen Spasial Berbasis Klasterisasi K-Means++ dan Analisis Spatio-Temporal
B4: untuk Pemodelan Dinamis Potensi Wisata di Kabupaten Magelang
B6: No | C6: Sheet | E6: Isi / Konten | H6: Metode Utama
B7: 1 | C7: 1_Dataset | E7: Dataset spatio-temporal 15 destinasi wisata Magelang dengan 10 atribut | H7: Data Input (Biru)
B8: 2 | C8: 2_Normalisasi | E8: Normalisasi Min-Max semua fitur numerik ke rentang [0,1] | H8: Formula Min-Max
B9: 3 | C9: 3_KMeans++_Init | E9: Inisialisasi centroid K-Means++ berbasis probabilitas D² | H9: Langkah 1-4
B10: 4 | C10: 4_Iterasi_KMeans++ | E10: Penugasan klaster & update centroid (Iterasi 1) | H10: Jarak Euclidean
B11: 5 | C11: 5_Konvergensi | E11: Tracking pergeseran centroid & deteksi konvergensi | H11: Analisis Δ Centroid
B12: 6 | C12: 6_Hasil_Klaster | E12: Hasil final klasterisasi + skor potensi per destinasi | H12: Output Final
B13: 7 | C13: 7_Evaluasi_Metrik | E13: SC, DBI, CHI – tiga metrik evaluasi kualitas klaster | H13: Evaluasi Model
B14: 8 | C14: 8_Spatio_Temporal | E14: Analisis spasial per klaster & proyeksi temporal 3 tahun | H14: Proyeksi Kunjungan
B16: Kode Warna: Biru = Input hardcoded | Hitam = Formula kalkulasi | Kuning = Nilai kritis | Hijau = Hasil/output

Sheet 1_Dataset
A1: DATASET SPATIO-TEMPORAL DESTINASI WISATA – KABUPATEN MAGELANG
A2: Penelitian: Pengembangan Model Konseptual Intelijen Spasial Berbasis K-Means++
A3: ID | B3: Nama Destinasi | C3: Longitude (X) | D3: Latitude (Y) | E3: Jml Kunjungan/Tahun | F3: Rating (1-5) | G3: Aksesibilitas (1-5) | H3: Fasilitas (1-5) | I3: Potensi Alam (1-5) | J3: Potensi Budaya (1-5) | K3: Pendapatan (Juta Rp) | L3: Trend YoY (%) | M3: Zona Temporal
A4: 1 | B4: Candi Borobudur | C4: 110.2037 | D4: -7.6079 | E4: 1250000 | F4: 4.9 | G4: 5 | H4: 5 | I4: 4 | J4: 5 | K4: 18500 | L4: 0.123 | M4: Peak Season
A5: 2 | B5: Punthuk Setumbu | C5: 110.1952 | D5: -7.6025 | E5: 185000 | F5: 4.7 | G5: 3 | H5: 3 | I5: 5 | J5: 4 | K5: 2800 | L5: 0.185 | M5: Peak Season
A6: 3 | B6: Candi Pawon | C6: 110.2105 | D6: -7.6112 | E6: 95000 | F6: 4.2 | G6: 4 | H6: 3 | I6: 3 | J6: 5 | K6: 850 | L6: 0.082 | M6: Mid Season
A7: 4 | B7: Candi Mendut | C7: 110.2278 | D7: -7.5996 | E7: 125000 | F7: 4.3 | G7: 4 | H7: 4 | I7: 3 | J7: 5 | K7: 1200 | L7: 0.095 | M7: Mid Season
A8: 5 | B8: Ketep Pass | C8: 110.2564 | D8: -7.5847 | E8: 210000 | F8: 4.5 | G8: 3 | H8: 4 | I8: 5 | J8: 3 | K8: 3100 | L8: 0.157 | M8: Peak Season
A9: 6 | B9: Kopeng | C9: 110.4012 | D9: -7.3985 | E9: 98000 | F9: 3.8 | G9: 3 | H9: 3 | I9: 4 | J9: 2 | K9: 780 | L9: 0.053 | M9: Low Season
A10: 7 | B10: Air Terjun Kedung Kayang | C10: 110.2689 | D10: -7.5712 | E10: 42000 | F10: 4.4 | G10: 2 | H10: 2 | I10: 5 | J10: 2 | K10: 320 | L10: 0.221 | M10: Low Season
A11: 8 | B11: Telaga Bleder | C11: 110.3215 | D11: -7.4823 | E11: 35000 | F11: 3.9 | G11: 2 | H11: 2 | I11: 4 | J11: 2 | K11: 280 | L11: 0.118 | M11: Low Season
A12: 9 | B12: Bukit Rhema (Gereja Ayam) | C12: 110.2021 | D12: -7.6038 | E12: 165000 | F12: 4.6 | G12: 3 | H12: 3 | I12: 4 | J12: 4 | K12: 2100 | L12: 0.352 | M12: Peak Season
A13: 10 | B13: Sawah Sukomakmur | C13: 110.2334 | D13: -7.5698 | E13: 28000 | F13: 4.1 | G13: 2 | H13: 2 | I13: 5 | J13: 3 | K13: 210 | L13: 0.284 | M13: Low Season
A14: 11 | B14: Museum Karmawibhangga | C14: 110.2039 | D14: -7.6082 | E14: 87000 | F14: 4 | G14: 5 | H14: 4 | I14: 2 | J14: 5 | K14: 650 | L14: 0.061 | M14: Mid Season
A15: 12 | B15: Taman Kyai Langgeng | C15: 110.2176 | D15: -7.4721 | E15: 145000 | F15: 3.7 | G15: 4 | H15: 4 | I15: 3 | J15: 3 | K15: 1850 | L15: 0.042 | M15: Mid Season
... A18: 15 | B18: Puthuk Mongkrong | C18: 110.1998 | D18: -7.5987 | E18: 45000 | F18: 4.3 | G18: 2 | H18: 2 | I18: 5 | J18: 4 | K18: 380 | L18: 0.412 | M18: Low Season

Sheet 2_Normalisasi
A1: PRA-PEMROSESAN: NORMALISASI MIN-MAX DATA SPATIO-TEMPORAL
A2: Formula: X_norm = (X - X_min) / (X_max - X_min) | Rentang hasil: [0, 1]
A3: Statistik | C3: Longitude | D3: Latitude | E3: Kunjungan | F3: Rating | G3: Akses | H3: Fasilitas | I3: P.Alam | J3: P.Budaya | K3: Pendapatan | L3: Trend
A4: Min | C4: =MIN('1_Dataset'!C4:C18) -> 110.1952 | D4: =MIN('1_Dataset'!D4:D18) -> -7.6112 | E4: =MIN('1_Dataset'!E4:E18) -> 28000 | F4: =MIN('1_Dataset'!F4:F18) -> 3.7 | G4: =MIN('1_Dataset'!G4:G18) -> 2 | H4: =MIN('1_Dataset'!H4:H18) -> 2 | I4: =MIN('1_Dataset'!I4:I18) -> 2 | J4: =MIN('1_Dataset'!J4:J18) -> 2 | ... L4: =MIN('1_Dataset'!L4:L18) -> 0.042
A5: Max | C5: =MAX('1_Dataset'!C4:C18) -> 110.4125 | D5: =MAX('1_Dataset'!D4:D18) -> -7.3654 | E5: =MAX('1_Dataset'!E4:E18) -> 1250000 | F5: =MAX('1_Dataset'!F4:F18) -> 4.9 | G5: =MAX('1_Dataset'!G4:G18) -> 5 | H5: =MAX('1_Dataset'!H4:H18) -> 5 | I5: =MAX('1_Dataset'!I4:I18) -> 5 | J5: =MAX('1_Dataset'!J4:J18) -> 5 | ... L5: =MAX('1_Dataset'!L4:L18) -> 0.412
A6: Range | C6: =C5-C4 -> 0.2173 | D6: =D5-D4 -> 0.2458 | E6: =E5-E4 -> 1222000 | F6: =F5-F4 -> 1.2 | G6: =G5-G4 -> 3 | H6: =H5-H4 -> 3 | I6: =I5-I4 -> 3 | J6: =J5-J4 -> 3 | ... L6: =L5-L4 -> 0.37
A7: ID | B7: Nama Destinasi | C7: Lon_norm | D7: Lat_norm | E7: Visit_norm | F7: Rating_norm | G7: Akses_norm | H7: Fas_norm | I7: Alam_norm | J7: Budaya_norm | K7: Pend_norm | L7: Trend_norm
A8: ='1_Dataset'!A4 -> 1 | B8: ='1_Dataset'!B4 -> Candi Borobudur | C8: =IF(C$6=0,0,('1_Dataset'!C4-C$4)/C$6) -> 0.039116429 | D8: =IF(D$6=0,0,('1_Dataset'!D4-D$4)/D$6) -> 0.013425549 | E8: =IF(E$6=0,0,('1_Dataset'!E4-E$4)/E$6) -> 1 | F8: =IF(F$6=0,0,('1_Dataset'!F4-F$4)/F$6) -> 1 | G8: =IF(G$6=0,0,('1_Dataset'!G4-G$4)/G$6) -> 1 | H8: =IF(H$6=0,0,('1_Dataset'!H4-H$4)/H$6) -> 1 | I8: =IF(I$6=0,0,('1_Dataset'!I4-I$4)/I$6) -> 0.66666667 | J8: =IF(J$6=0,0,('1_Dataset'!J4-J$4)/J$6) -> 1 | ... L8: =IF(L$6=0,0,('1_Dataset'!L4-L$4)/L$6) -> 0.21891892
A9: ='1_Dataset'!A5 -> 2 | B9: ='1_Dataset'!B5 -> Punthuk Setumbu | C9: =IF(C$6=0,0,('1_Dataset'!C5-C$4)/C$6) -> 0 | D9: =IF(D$6=0,0,('1_Dataset'!D5-D$4)/D$6) -> 0.03539463 | E9: =IF(E$6=0,0,('1_Dataset'!E5-E$4)/E$6) -> 0.12847791 | F9: =IF(F$6=0,0,('1_Dataset'!F5-F$4)/F$6) -> 0.83333333 | G9: =IF(G$6=0,0,('1_Dataset'!G5-G$4)/G$6) -> 0.33333333 | H9: =IF(H$6=0,0,('1_Dataset'!H5-H$4)/H$6) -> 0.33333333 | I9: =IF(I$6=0,0,('1_Dataset'!I5-I$4)/I$6) -> 1 | J9: =IF(J$6=0,0,('1_Dataset'!J5-J$4)/J$6) -> 0.66666667 | ... L9: =IF(L$6=0,0,('1_Dataset'!L5-L$4)/L$6) -> 0.38648649
A10: ='1_Dataset'!A6 -> 3 | B10: ='1_Dataset'!B6 -> Candi Pawon | C10: =IF(C$6=0,0,('1_Dataset'!C6-C$4)/C$6) -> 0.070409572 | D10: =IF(D$6=0,0,('1_Dataset'!D6-D$4)/D$6) -> 0 | E10: =IF(E$6=0,0,('1_Dataset'!E6-E$4)/E$6) -> 0.054828151 | F10: =IF(F$6=0,0,('1_Dataset'!F6-F$4)/F$6) -> 0.41666667 | G10: =IF(G$6=0,0,('1_Dataset'!G6-G$4)/G$6) -> 0.66666667 | H10: =IF(H$6=0,0,('1_Dataset'!H6-H$4)/H$6) -> 0.33333333 | I10: =IF(I$6=0,0,('1_Dataset'!I6-I$4)/I$6) -> 0.33333333 | J10: =IF(J$6=0,0,('1_Dataset'!J6-J$4)/J$6) -> 1 | ... L10: =IF(L$6=0,0,('1_Dataset'!L6-L$4)/L$6) -> 0.10810811
A11: ='1_Dataset'!A7 -> 4 | B11: ='1_Dataset'!B7 -> Candi Mendut | C11: =IF(C$6=0,0,('1_Dataset'!C7-C$4)/C$6) -> 0.15002301 | D11: =IF(D$6=0,0,('1_Dataset'!D7-D$4)/D$6) -> 0.04719284 | E11: =IF(E$6=0,0,('1_Dataset'!E7-E$4)/E$6) -> 0.079378069 | F11: =IF(F$6=0,0,('1_Dataset'!F7-F$4)/F$6) -> 0.5 | G11: =IF(G$6=0,0,('1_Dataset'!G7-G$4)/G$6) -> 0.66666667 | H11: =IF(H$6=0,0,('1_Dataset'!H7-H$4)/H$6) -> 0.66666667 | I11: =IF(I$6=0,0,('1_Dataset'!I7-I$4)/I$6) -> 0.33333333 | J11: =IF(J$6=0,0,('1_Dataset'!J7-J$4)/J$6) -> 1 | ... L11: =IF(L$6=0,0,('1_Dataset'!L7-L$4)/L$6) -> 0.14324324
A12: ='1_Dataset'!A8 -> 5 | B12: ='1_Dataset'!B8 -> Ketep Pass | C12: =IF(C$6=0,0,('1_Dataset'!C8-C$4)/C$6) -> 0.28163829 | D12: =IF(D$6=0,0,('1_Dataset'!D8-D$4)/D$6) -> 0.10781123 | E12: =IF(E$6=0,0,('1_Dataset'!E8-E$4)/E$6) -> 0.14893617 | F12: =IF(F$6=0,0,('1_Dataset'!F8-F$4)/F$6) -> 0.66666667 | G12: =IF(G$6=0,0,('1_Dataset'!G8-G$4)/G$6) -> 0.33333333 | H12: =IF(H$6=0,0,('1_Dataset'!H8-H$4)/H$6) -> 0.66666667 | I12: =IF(I$6=0,0,('1_Dataset'!I8-I$4)/I$6) -> 1 | J12: =IF(J$6=0,0,('1_Dataset'!J8-J$4)/J$6) -> 0.33333333 | ... L12: =IF(L$6=0,0,('1_Dataset'!L8-L$4)/L$6) -> 0.31081081
A13: ='1_Dataset'!A9 -> 6 | B13: ='1_Dataset'!B9 -> Kopeng | C13: =IF(C$6=0,0,('1_Dataset'!C9-C$4)/C$6) -> 0.94799816 | D13: =IF(D$6=0,0,('1_Dataset'!D9-D$4)/D$6) -> 0.86533767 | E13: =IF(E$6=0,0,('1_Dataset'!E9-E$4)/E$6) -> 0.057283142 | F13: =IF(F$6=0,0,('1_Dataset'!F9-F$4)/F$6) -> 0.083333333 | G13: =IF(G$6=0,0,('1_Dataset'!G9-G$4)/G$6) -> 0.33333333 | H13: =IF(H$6=0,0,('1_Dataset'!H9-H$4)/H$6) -> 0.33333333 | I13: =IF(I$6=0,0,('1_Dataset'!I9-I$4)/I$6) -> 0.66666667 | J13: =IF(J$6=0,0,('1_Dataset'!J9-J$4)/J$6) -> 0 | ... L13: =IF(L$6=0,0,('1_Dataset'!L9-L$4)/L$6) -> 0.02972973
A14: ='1_Dataset'!A10 -> 7 | B14: ='1_Dataset'!B10 -> Air Terjun Kedung Kayang | C14: =IF(C$6=0,0,('1_Dataset'!C10-C$4)/C$6) -> 0.33916245 | D14: =IF(D$6=0,0,('1_Dataset'!D10-D$4)/D$6) -> 0.16273393 | E14: =IF(E$6=0,0,('1_Dataset'!E10-E$4)/E$6) -> 0.011456628 | F14: =IF(F$6=0,0,('1_Dataset'!F10-F$4)/F$6) -> 0.58333333 | G14: =IF(G$6=0,0,('1_Dataset'!G10-G$4)/G$6) -> 0 | H14: =IF(H$6=0,0,('1_Dataset'!H10-H$4)/H$6) -> 0 | I14: =IF(I$6=0,0,('1_Dataset'!I10-I$4)/I$6) -> 1 | J14: =IF(J$6=0,0,('1_Dataset'!J10-J$4)/J$6) -> 0 | ... L14: =IF(L$6=0,0,('1_Dataset'!L10-L$4)/L$6) -> 0.48378378
A15: ='1_Dataset'!A11 -> 8 | B15: ='1_Dataset'!B11 -> Telaga Bleder | C15: =IF(C$6=0,0,('1_Dataset'!C11-C$4)/C$6) -> 0.58122411 | D15: =IF(D$6=0,0,('1_Dataset'!D11-D$4)/D$6) -> 0.52441009 | E15: =IF(E$6=0,0,('1_Dataset'!E11-E$4)/E$6) -> 0.0057283142 | F15: =IF(F$6=0,0,('1_Dataset'!F11-F$4)/F$6) -> 0.16666667 | G15: =IF(G$6=0,0,('1_Dataset'!G11-G$4)/G$6) -> 0 | H15: =IF(H$6=0,0,('1_Dataset'!H11-H$4)/H$6) -> 0 | I15: =IF(I$6=0,0,('1_Dataset'!I11-I$4)/I$6) -> 0.66666667 | J15: =IF(J$6=0,0,('1_Dataset'!J11-J$4)/J$6) -> 0 | ... L15: =IF(L$6=0,0,('1_Dataset'!L11-L$4)/L$6) -> 0.20540541
A16: ='1_Dataset'!A12 -> 9 | B16: ='1_Dataset'!B12 -> Bukit Rhema (Gereja Ayam) | C16: =IF(C$6=0,0,('1_Dataset'!C12-C$4)/C$6) -> 0.031753336 | D16: =IF(D$6=0,0,('1_Dataset'!D12-D$4)/D$6) -> 0.030105777 | E16: =IF(E$6=0,0,('1_Dataset'!E12-E$4)/E$6) -> 0.11211129 | F16: =IF(F$6=0,0,('1_Dataset'!F12-F$4)/F$6) -> 0.75 | G16: =IF(G$6=0,0,('1_Dataset'!G12-G$4)/G$6) -> 0.33333333 | H16: =IF(H$6=0,0,('1_Dataset'!H12-H$4)/H$6) -> 0.33333333 | I16: =IF(I$6=0,0,('1_Dataset'!I12-I$4)/I$6) -> 0.66666667 | J16: =IF(J$6=0,0,('1_Dataset'!J12-J$4)/J$6) -> 0.66666667 | ... L16: =IF(L$6=0,0,('1_Dataset'!L12-L$4)/L$6) -> 0.83783784
A17: ='1_Dataset'!A13 -> 10 | B17: ='1_Dataset'!B13 -> Sawah Sukomakmur | C17: =IF(C$6=0,0,('1_Dataset'!C13-C$4)/C$6) -> 0.17579383 | D17: =IF(D$6=0,0,('1_Dataset'!D13-D$4)/D$6) -> 0.16842962 | E17: =IF(E$6=0,0,('1_Dataset'!E13-E$4)/E$6) -> 0 | F17: =IF(F$6=0,0,('1_Dataset'!F13-F$4)/F$6) -> 0.33333333 | G17: =IF(G$6=0,0,('1_Dataset'!G13-G$4)/G$6) -> 0 | H17: =IF(H$6=0,0,('1_Dataset'!H13-H$4)/H$6) -> 0 | I17: =IF(I$6=0,0,('1_Dataset'!I13-I$4)/I$6) -> 1 | J17: =IF(J$6=0,0,('1_Dataset'!J13-J$4)/J$6) -> 0.33333333 | ... L17: =IF(L$6=0,0,('1_Dataset'!L13-L$4)/L$6) -> 0.65405405
A18: ='1_Dataset'!A14 -> 11 | B18: ='1_Dataset'!B14 -> Museum Karmawibhangga | C18: =IF(C$6=0,0,('1_Dataset'!C14-C$4)/C$6) -> 0.040036815 | D18: =IF(D$6=0,0,('1_Dataset'!D14-D$4)/D$6) -> 0.012205045 | E18: =IF(E$6=0,0,('1_Dataset'!E14-E$4)/E$6) -> 0.048281506 | F18: =IF(F$6=0,0,('1_Dataset'!F14-F$4)/F$6) -> 0.25 | G18: =IF(G$6=0,0,('1_Dataset'!G14-G$4)/G$6) -> 1 | H18: =IF(H$6=0,0,('1_Dataset'!H14-H$4)/H$6) -> 0.66666667 | I18: =IF(I$6=0,0,('1_Dataset'!I14-I$4)/I$6) -> 0 | J18: =IF(J$6=0,0,('1_Dataset'!J14-J$4)/J$6) -> 1 | ... L18: =IF(L$6=0,0,('1_Dataset'!L14-L$4)/L$6) -> 0.051351351
A19: ='1_Dataset'!A15 -> 12 | B19: ='1_Dataset'!B15 -> Taman Kyai Langgeng | C19: =IF(C$6=0,0,('1_Dataset'!C15-C$4)/C$6) -> 0.10308329 | D19: =IF(D$6=0,0,('1_Dataset'!D15-D$4)/D$6) -> 0.56590724 | E19: =IF(E$6=0,0,('1_Dataset'!E15-E$4)/E$6) -> 0.095744681 | F19: =IF(F$6=0,0,('1_Dataset'!F15-F$4)/F$6) -> 0 | G19: =IF(G$6=0,0,('1_Dataset'!G15-G$4)/G$6) -> 0.66666667 | H19: =IF(H$6=0,0,('1_Dataset'!H15-H$4)/H$6) -> 0.66666667 | I19: =IF(I$6=0,0,('1_Dataset'!I15-I$4)/I$6) -> 0.33333333 | J19: =IF(J$6=0,0,('1_Dataset'!J15-J$4)/J$6) -> 0.33333333 | ... L19: =IF(L$6=0,0,('1_Dataset'!L15-L$4)/L$6) -> 0
... A22: ='1_Dataset'!A18 -> 15 | B22: ='1_Dataset'!B18 -> Puthuk Mongkrong | C22: =IF(C$6=0,0,('1_Dataset'!C18-C$4)/C$6) -> 0.021168891 | D22: =IF(D$6=0,0,('1_Dataset'!D18-D$4)/D$6) -> 0.050854353 | E22: =IF(E$6=0,0,('1_Dataset'!E18-E$4)/E$6) -> 0.01391162 | F22: =IF(F$6=0,0,('1_Dataset'!F18-F$4)/F$6) -> 0.5 | G22: =IF(G$6=0,0,('1_Dataset'!G18-G$4)/G$6) -> 0 | H22: =IF(H$6=0,0,('1_Dataset'!H18-H$4)/H$6) -> 0 | I22: =IF(I$6=0,0,('1_Dataset'!I18-I$4)/I$6) -> 1 | J22: =IF(J$6=0,0,('1_Dataset'!J18-J$4)/J$6) -> 0.66666667 | ... L22: =IF(L$6=0,0,('1_Dataset'!L18-L$4)/L$6) -> 1

Sheet 3_KMeans++_Init
A1: K-MEANS++ INISIALISASI CENTROID – PROSEDUR PEMILIHAN BERBASIS PROBABILITAS
A2: K-Means++ memilih centroid awal dengan probabilitas proporsional terhadap D²(x) – jarak kuadrat minimum ke centroid yang sudah dipilih. Hal ini menjamin konvergensi lebih cepat dan menghindari inisialisasi buruk dibanding K-Means biasa.
A4: PARAMETER K-MEANS++
A5: K (jumlah klaster) | C5: 3
A6: Fitur digunakan | C6: 10
A7: Metode jarak | C7: Euclidean
A8: Seed centroid-1 | C8: ID=1 (Borobudur – manual)
A10: LANGKAH 1: Centroid C1 = Titik pertama (ID 1 – Candi Borobudur)
A11: Centroid C1 | B11: Lon_n | C11: Lat_n | D11: Visit_n | E11: Rating_n | F11: Akses_n | G11: Fas_n | H11: Alam_n | I11: Budaya_n | J11: Pend_n | K11: Trend_n
A12: C1 Values | B12: ='2_Normalisasi'!C8 -> 0.039116429 | C12: ='2_Normalisasi'!D8 -> 0.013425549 | D12: ='2_Normalisasi'!E8 -> 1 | E12: ='2_Normalisasi'!F8 -> 1 | F12: ='2_Normalisasi'!G8 -> 1 | G12: ='2_Normalisasi'!H8 -> 1 | H12: ='2_Normalisasi'!I8 -> 0.66666667 | I12: ='2_Normalisasi'!J8 -> 1 | ... K12: ='2_Normalisasi'!L8 -> 0.21891892
A14: LANGKAH 2: Hitung D²(x,C1) = Σ(xi – C1i)² untuk semua titik
A15: ID | B15: Nama | C15: Lon_n | D15: Lat_n | E15: Visit_n | F15: Rating_n | G15: Akses_n | H15: Fas_n | I15: Alam_n | J15: Budaya_n | K15: Pend_n | L15: Trend_n | M15: D²(x,C1) | N15: P(x) Kumulatif
A16: ='2_Normalisasi'!A8 -> 1 | B16: ='2_Normalisasi'!B8 -> Candi Borobudur | C16: ='2_Normalisasi'!C8 -> 0.039116429 | D16: ='2_Normalisasi'!D8 -> 0.013425549 | E16: ='2_Normalisasi'!E8 -> 1 | F16: ='2_Normalisasi'!F8 -> 1 | G16: ='2_Normalisasi'!G8 -> 1 | H16: ='2_Normalisasi'!H8 -> 1 | ... L16: ='2_Normalisasi'!L8 -> 0.21891892 | M16: =(C16-B$12)^2+(D16-C$12)^2+(E16-D$12)^2+(F16-E$12)^2+(G16-F$12)^2+(H16-G$12)^2+(I16-H$12)^2+(J16-I$12)^2+(K16-J$12)^2+(L16-K$12)^2 -> 0 | N16: =M16/SUM(M$16:M$30) -> 0
A17: ='2_Normalisasi'!A9 -> 2 | B17: ='2_Normalisasi'!B9 -> Punthuk Setumbu | C17: ='2_Normalisasi'!C9 -> 0 | D17: ='2_Normalisasi'!D9 -> 0.03539463 | E17: ='2_Normalisasi'!E9 -> 0.12847791 | F17: ='2_Normalisasi'!F9 -> 0.83333333 | G17: ='2_Normalisasi'!G9 -> 0.33333333 | H17: ='2_Normalisasi'!H9 -> 0.33333333 | ... L17: ='2_Normalisasi'!L9 -> 0.38648649 | M17: =(C17-B$12)^2+(D17-C$12)^2+(E17-D$12)^2+(F17-E$12)^2+(G17-F$12)^2+(H17-G$12)^2+(I17-H$12)^2+(J17-I$12)^2+(K17-J$12)^2+(L17-K$12)^2 -> 2.6653691 | N17: =N16+M17/SUM(M$16:M$30) -> 0.042644603
A18: ='2_Normalisasi'!A10 -> 3 | B18: ='2_Normalisasi'!B10 -> Candi Pawon | C18: ='2_Normalisasi'!C10 -> 0.070409572 | D18: ='2_Normalisasi'!D10 -> 0 | E18: ='2_Normalisasi'!E10 -> 0.054828151 | F18: ='2_Normalisasi'!F10 -> 0.41666667 | G18: ='2_Normalisasi'!G10 -> 0.66666667 | H18: ='2_Normalisasi'!H10 -> 0.33333333 | ... L18: ='2_Normalisasi'!L10 -> 0.10810811 | M18: =(C18-B$12)^2+(D18-C$12)^2+(E18-D$12)^2+(F18-E$12)^2+(G18-F$12)^2+(H18-G$12)^2+(I18-H$12)^2+(J18-I$12)^2+(K18-J$12)^2+(L18-K$12)^2 -> 2.8449736 | N18: =N17+M18/SUM(M$16:M$30) -> 0.088162792
A19: ='2_Normalisasi'!A11 -> 4 | B19: ='2_Normalisasi'!B11 -> Candi Mendut | C19: ='2_Normalisasi'!C11 -> 0.15002301 | D19: ='2_Normalisasi'!D11 -> 0.04719284 | E19: ='2_Normalisasi'!E11 -> 0.079378069 | F19: ='2_Normalisasi'!F11 -> 0.5 | G19: ='2_Normalisasi'!G11 -> 0.66666667 | H19: ='2_Normalisasi'!H11 -> 0.66666667 | ... L19: ='2_Normalisasi'!L11 -> 0.14324324 | M19: =(C19-B$12)^2+(D19-C$12)^2+(E19-D$12)^2+(F19-E$12)^2+(G19-F$12)^2+(H19-G$12)^2+(I19-H$12)^2+(J19-I$12)^2+(K19-J$12)^2+(L19-K$12)^2 -> 2.3447193 | N19: =N18+M19/SUM(M$16:M$30) -> 0.12567716
A20: ='2_Normalisasi'!A12 -> 5 | B20: ='2_Normalisasi'!B12 -> Ketep Pass | C20: ='2_Normalisasi'!C12 -> 0.28163829 | D20: ='2_Normalisasi'!D12 -> 0.10781123 | E20: ='2_Normalisasi'!E12 -> 0.14893617 | F20: ='2_Normalisasi'!F12 -> 0.66666667 | G20: ='2_Normalisasi'!G12 -> 0.33333333 | H20: ='2_Normalisasi'!H12 -> 0.66666667 | ... L20: ='2_Normalisasi'!L12 -> 0.31081081 | M20: =(C20-B$12)^2+(D20-C$12)^2+(E20-D$12)^2+(F20-E$12)^2+(G20-F$12)^2+(H20-G$12)^2+(I20-H$12)^2+(J20-I$12)^2+(K20-J$12)^2+(L20-K$12)^2 -> 2.7316489 | N20: =N19+M20/SUM(M$16:M$30) -> 0.1693822
A21: ='2_Normalisasi'!A13 -> 6 | B21: ='2_Normalisasi'!B13 -> Kopeng | C21: ='2_Normalisasi'!C13 -> 0.94799816 | D21: ='2_Normalisasi'!D13 -> 0.86533767 | E21: ='2_Normalisasi'!E13 -> 0.057283142 | F21: ='2_Normalisasi'!F13 -> 0.083333333 | G21: ='2_Normalisasi'!G13 -> 0.33333333 | H21: ='2_Normalisasi'!H13 -> 0.33333333 | ... L21: ='2_Normalisasi'!L13 -> 0.02972973 | M21: =(C21-B$12)^2+(D21-C$12)^2+(E21-D$12)^2+(F21-E$12)^2+(G21-F$12)^2+(H21-G$12)^2+(I21-H$12)^2+(J21-I$12)^2+(K21-J$12)^2+(L21-K$12)^2 -> 6.1441366 | N21: =N20+M21/SUM(M$16:M$30) -> 0.26768539
A22: ='2_Normalisasi'!A14 -> 7 | B22: ='2_Normalisasi'!B14 -> Air Terjun Kedung Kayang | C22: ='2_Normalisasi'!C14 -> 0.33916245 | D22: ='2_Normalisasi'!D14 -> 0.16273393 | E22: ='2_Normalisasi'!E14 -> 0.011456628 | F22: ='2_Normalisasi'!F14 -> 0.58333333 | G22: ='2_Normalisasi'!G14 -> 0 | H22: ='2_Normalisasi'!H14 -> 0 | ... L22: ='2_Normalisasi'!L14 -> 0.48378378 | M22: =(C22-B$12)^2+(D22-C$12)^2+(E22-D$12)^2+(F22-E$12)^2+(G22-F$12)^2+(H22-G$12)^2+(I22-H$12)^2+(J22-I$12)^2+(K22-J$12)^2+(L22-K$12)^2 -> 5.432422 | N22: =N21+M22/SUM(M$16:M$30) -> 0.35460149
A23: ='2_Normalisasi'!A15 -> 8 | B23: ='2_Normalisasi'!B15 -> Telaga Bleder | C23: ='2_Normalisasi'!C15 -> 0.58122411 | D23: ='2_Normalisasi'!D15 -> 0.52441009 | E23: ='2_Normalisasi'!E15 -> 0.0057283142 | F23: ='2_Normalisasi'!F15 -> 0.16666667 | G23: ='2_Normalisasi'!G15 -> 0 | H23: ='2_Normalisasi'!H15 -> 0 | ... L23: ='2_Normalisasi'!L15 -> 0.20540541 | M23: =(C23-B$12)^2+(D23-C$12)^2+(E23-D$12)^2+(F23-E$12)^2+(G23-F$12)^2+(H23-G$12)^2+(I23-H$12)^2+(J23-I$12)^2+(K23-J$12)^2+(L23-K$12)^2 -> 6.2305494 | N23: =N22+M23/SUM(M$16:M$30) -> 0.45428724
A24: ='2_Normalisasi'!A16 -> 9 | B24: ='2_Normalisasi'!B16 -> Bukit Rhema (Gereja Ayam) | C24: ='2_Normalisasi'!C16 -> 0.031753336 | D24: ='2_Normalisasi'!D16 -> 0.030105777 | E24: ='2_Normalisasi'!E16 -> 0.11211129 | F24: ='2_Normalisasi'!F16 -> 0.75 | G24: ='2_Normalisasi'!G16 -> 0.33333333 | H24: ='2_Normalisasi'!H16 -> 0.33333333 | ... L24: ='2_Normalisasi'!L16 -> 0.83783784 | M24: =(C24-B$12)^2+(D24-C$12)^2+(E24-D$12)^2+(F24-E$12)^2+(G24-F$12)^2+(H24-G$12)^2+(I24-H$12)^2+(J24-I$12)^2+(K24-J$12)^2+(L24-K$12)^2 -> 3.0382473 | N24: =N23+M24/SUM(M$16:M$30) -> 0.50289771
A25: ='2_Normalisasi'!A17 -> 10 | B25: ='2_Normalisasi'!B17 -> Sawah Sukomakmur | C25: ='2_Normalisasi'!C17 -> 0.17579383 | D25: ='2_Normalisasi'!D17 -> 0.16842962 | E25: ='2_Normalisasi'!E17 -> 0 | F25: ='2_Normalisasi'!F17 -> 0.33333333 | G25: ='2_Normalisasi'!G17 -> 0 | H25: ='2_Normalisasi'!H17 -> 0 | ... L25: ='2_Normalisasi'!L17 -> 0.65405405 | M25: =(C25-B$12)^2+(D25-C$12)^2+(E25-D$12)^2+(F25-E$12)^2+(G25-F$12)^2+(H25-G$12)^2+(I25-H$12)^2+(J25-I$12)^2+(K25-J$12)^2+(L25-K$12)^2 -> 5.2320496 | N25: =N24+M25/SUM(M$16:M$30) -> 0.58660795
A26: ='2_Normalisasi'!A18 -> 11 | B26: ='2_Normalisasi'!B18 -> Museum Karmawibhangga | C26: ='2_Normalisasi'!C18 -> 0.040036815 | D26: ='2_Normalisasi'!D18 -> 0.012205045 | E26: ='2_Normalisasi'!E18 -> 0.048281506 | F26: ='2_Normalisasi'!F18 -> 0.25 | G26: ='2_Normalisasi'!G18 -> 1 | H26: ='2_Normalisasi'!H18 -> 0.66666667 | ... L26: ='2_Normalisasi'!L18 -> 0.051351351 | M26: =(C26-B$12)^2+(D26-C$12)^2+(E26-D$12)^2+(F26-E$12)^2+(G26-F$12)^2+(H26-G$12)^2+(I26-H$12)^2+(J26-I$12)^2+(K26-J$12)^2+(L26-K$12)^2 -> 3.0043699 | N26: =N25+M26/SUM(M$16:M$30) -> 0.6346764
A27: ='2_Normalisasi'!A19 -> 12 | B27: ='2_Normalisasi'!B19 -> Taman Kyai Langgeng | C27: ='2_Normalisasi'!C19 -> 0.10308329 | D27: ='2_Normalisasi'!D19 -> 0.56590724 | E27: ='2_Normalisasi'!E19 -> 0.095744681 | F27: ='2_Normalisasi'!F19 -> 0 | G27: ='2_Normalisasi'!G19 -> 0.66666667 | H27: ='2_Normalisasi'!H19 -> 0.66666667 | ... L27: ='2_Normalisasi'!L19 -> 0 | M27: =(C27-B$12)^2+(D27-C$12)^2+(E27-D$12)^2+(F27-E$12)^2+(G27-F$12)^2+(H27-G$12)^2+(I27-H$12)^2+(J27-I$12)^2+(K27-J$12)^2+(L27-K$12)^2 -> 3.7814158 | N27: =N26+M27/SUM(M$16:M$30) -> 0.6951772
A28: ='2_Normalisasi'!A20 -> 13 | B28: ='2_Normalisasi'!B20 -> Gunung Andong | C28: ='2_Normalisasi'!C20 -> 1 | D28: ='2_Normalisasi'!D20 -> 0.71440195 | E28: ='2_Normalisasi'!E20 -> 0.022094926 | F28: ='2_Normalisasi'!F20 -> 0.66666667 | G28: ='2_Normalisasi'!G20 -> 0 | H28: ='2_Normalisasi'!H20 -> 0 | ... L28: ='2_Normalisasi'!L20 -> 0.74054054 | M28: =(C28-B$12)^2+(D28-C$12)^2+(E28-D$12)^2+(F28-E$12)^2+(G28-F$12)^2+(H28-G$12)^2+(I28-H$12)^2+(J28-I$12)^2+(K28-J$12)^2+(L28-K$12)^2 -> 6.8424433 | N28: =N27+M28/SUM(M$16:M$30) -> 0.80465295
... A30: ='2_Normalisasi'!A22 -> 15 | B30: ='2_Normalisasi'!B22 -> Puthuk Mongkrong | C30: ='2_Normalisasi'!C22 -> 0.021168891 | D30: ='2_Normalisasi'!D22 -> 0.050854353 | E30: ='2_Normalisasi'!E22 -> 0.01391162 | F30: ='2_Normalisasi'!F22 -> 0.5 | G30: ='2_Normalisasi'!G22 -> 0 | H30: ='2_Normalisasi'!H22 -> 0 | ... L30: ='2_Normalisasi'!L22 -> 1 | M30: =(C30-B$12)^2+(D30-C$12)^2+(E30-D$12)^2+(F30-E$12)^2+(G30-F$12)^2+(H30-G$12)^2+(I30-H$12)^2+(J30-I$12)^2+(K30-J$12)^2+(L30-K$12)^2 -> 5.0379002 | N30: =N29+M30/SUM(M$16:M$30) -> 1
L31: Total D² | M31: =SUM(M16:M30) -> 62.501908
A33: LANGKAH 3: Pilih C2 – Titik dengan D²(x,C1) MAKSIMUM (probabilitas tertinggi untuk dipilih)
A34: C2 = ID argmax D² | C34: =INDEX('2_Normalisasi'!A8:A22,MATCH(MAX(M16:M30),M16:M30,0)) -> 14
A35: Nama Destinasi | C35: =INDEX('2_Normalisasi'!B8:B22,MATCH(MAX(M16:M30),M16:M30,0)) -> Umbul Songo
A36: C2 Values | B36: Lon_n | C36: Lat_n | D36: Visit_n | E36: Rating_n | F36: Akses_n | G36: Fas_n | H36: Alam_n | I36: Budaya_n | J36: Pend_n | K36: Trend_n
B37: =INDEX('2_Normalisasi'!C8:C22,MATCH(MAX(M16:M30),M16:M30,0)) -> 0.88541187 | C37: =INDEX('2_Normalisasi'!D8:D22,MATCH(MAX(M16:M30),M16:M30,0)) -> 1 | D37: =INDEX('2_Normalisasi'!E8:E22,MATCH(MAX(M16:M30),M16:M30,0)) -> 0.0032733224 | E37: =INDEX('2_Normalisasi'!F8:F22,MATCH(MAX(M16:M30),M16:M30,0)) -> 0.41666667 | F37: =INDEX('2_Normalisasi'!G8:G22,MATCH(MAX(M16:M30),M16:M30,0)) -> 0 | G37: =INDEX('2_Normalisasi'!H8:H22,MATCH(MAX(M16:M30),M16:M30,0)) -> 0 | H37: =INDEX('2_Normalisasi'!I8:I22,MATCH(MAX(M16:M30),M16:M30,0)) -> 1 | I37: =INDEX('2_Normalisasi'!J8:J22,MATCH(MAX(M16:M30),M16:M30,0)) -> 0 | J37: =INDEX('2_Normalisasi'!K8:K22,MATCH(MAX(M16:M30),M16:M30,0)) -> 0.001913614 | K37: =INDEX('2_Normalisasi'!L8:L22,MATCH(MAX(M16:M30),M16:M30,0)) -> 0.42162162
A39: LANGKAH 4: Hitung D²_min = min(D²(x,C1), D²(x,C2)) → Pilih C3 sebagai argmax
A40: ID | B40: Nama | C40: Lon_n | D40: Lat_n | E40: Visit_n | F40: Rating_n | G40: Akses_n | H40: Fas_n | I40: Alam_n | J40: Budaya_n | K40: Pend_n | L40: Trend_n | M40: D²(x,C2) | N40: D²_min | O40: P_cum
A41: ='2_Normalisasi'!A8 -> 1 | B41: ='2_Normalisasi'!B8 -> Candi Borobudur | C41: ='2_Normalisasi'!C8 -> 0.039116429 | D41: ='2_Normalisasi'!D8 -> 0.013425549 | E41: ='2_Normalisasi'!E8 -> 1 | F41: ='2_Normalisasi'!F8 -> 1 | G41: ='2_Normalisasi'!G8 -> 1 | H41: ='2_Normalisasi'!H8 -> 1 | ... L41: ='2_Normalisasi'!L8 -> 0.21891892 | M41: =(C41-B$37)^2+(D41-C$37)^2+(E41-D$37)^2+(F41-E$37)^2+(G41-F$37)^2+(H41-G$37)^2+(I41-H$37)^2+(J41-I$37)^2+(K41-J$37)^2+(L41-K$37)^2 -> 7.1716629 | N41: =MIN('3_KMeans++_Init'!M16,'3_KMeans++_Init'!M41) -> 0 | O41: =N41/SUM(N$41:N$55) -> 0
A42: ='2_Normalisasi'!A9 -> 2 | B42: ='2_Normalisasi'!B9 -> Punthuk Setumbu | C42: ='2_Normalisasi'!C9 -> 0 | D42: ='2_Normalisasi'!D9 -> 0.03539463 | E42: ='2_Normalisasi'!E9 -> 0.12847791 | F42: ='2_Normalisasi'!F9 -> 0.83333333 | G42: ='2_Normalisasi'!G9 -> 0.33333333 | H42: ='2_Normalisasi'!H9 -> 0.33333333 | ... L42: ='2_Normalisasi'!L9 -> 0.38648649 | M42: =(C42-B$37)^2+(D42-C$37)^2+(E42-D$37)^2+(F42-E$37)^2+(G42-F$37)^2+(H42-G$37)^2+(I42-H$37)^2+(J42-I$37)^2+(K42-J$37)^2+(L42-K$37)^2 -> 2.5911205 | N42: =MIN('3_KMeans++_Init'!M17,'3_KMeans++_Init'!M42) -> 2.5911205 | O42: =O41+N42/SUM(N$41:N$55) -> 0.10639651
A43: ='2_Normalisasi'!A10 -> 3 | B43: ='2_Normalisasi'!B10 -> Candi Pawon | C43: ='2_Normalisasi'!C10 -> 0.070409572 | D43: ='2_Normalisasi'!D10 -> 0 | E43: ='2_Normalisasi'!E10 -> 0.054828151 | F43: ='2_Normalisasi'!F10 -> 0.41666667 | G43: ='2_Normalisasi'!G10 -> 0.66666667 | H43: ='2_Normalisasi'!H10 -> 0.33333333 | ... L43: ='2_Normalisasi'!L10 -> 0.10810811 | M43: =(C43-B$37)^2+(D43-C$37)^2+(E43-D$37)^2+(F43-E$37)^2+(G43-F$37)^2+(H43-G$37)^2+(I43-H$37)^2+(J43-I$37)^2+(K43-J$37)^2+(L43-K$37)^2 -> 3.7662715 | N43: =MIN('3_KMeans++_Init'!M18,'3_KMeans++_Init'!M43) -> 2.8449736 | O43: =O42+N43/SUM(N$41:N$55) -> 0.22321674
A44: ='2_Normalisasi'!A11 -> 4 | B44: ='2_Normalisasi'!B11 -> Candi Mendut | C44: ='2_Normalisasi'!C11 -> 0.15002301 | D44: ='2_Normalisasi'!D11 -> 0.04719284 | E44: ='2_Normalisasi'!E11 -> 0.079378069 | F44: ='2_Normalisasi'!F11 -> 0.5 | G44: ='2_Normalisasi'!G11 -> 0.66666667 | H44: ='2_Normalisasi'!H11 -> 0.66666667 | ... L44: ='2_Normalisasi'!L11 -> 0.14324324 | M44: =(C44-B$37)^2+(D44-C$37)^2+(E44-D$37)^2+(F44-E$37)^2+(G44-F$37)^2+(H44-G$37)^2+(I44-H$37)^2+(J44-I$37)^2+(K44-J$37)^2+(L44-K$37)^2 -> 3.8749288 | N44: =MIN('3_KMeans++_Init'!M19,'3_KMeans++_Init'!M44) -> 2.3447193 | O44: =O43+N44/SUM(N$41:N$55) -> 0.31949553
A45: ='2_Normalisasi'!A12 -> 5 | B45: ='2_Normalisasi'!B12 -> Ketep Pass | C45: ='2_Normalisasi'!C12 -> 0.28163829 | D45: ='2_Normalisasi'!D12 -> 0.10781123 | E45: ='2_Normalisasi'!E12 -> 0.14893617 | F45: ='2_Normalisasi'!F12 -> 0.66666667 | G45: ='2_Normalisasi'!G12 -> 0.33333333 | H45: ='2_Normalisasi'!H12 -> 0.66666667 | ... L45: ='2_Normalisasi'!L12 -> 0.31081081 | M45: =(C45-B$37)^2+(D45-C$37)^2+(E45-D$37)^2+(F45-E$37)^2+(G45-F$37)^2+(H45-G$37)^2+(I45-H$37)^2+(J45-I$37)^2+(K45-J$37)^2+(L45-K$37)^2 -> 1.9475727 | N45: =MIN('3_KMeans++_Init'!M20,'3_KMeans++_Init'!M45) -> 1.9475727 | O45: =O44+N45/SUM(N$41:N$55) -> 0.39946671
A46: ='2_Normalisasi'!A13 -> 6 | B46: ='2_Normalisasi'!B13 -> Kopeng | C46: ='2_Normalisasi'!C13 -> 0.94799816 | D46: ='2_Normalisasi'!D13 -> 0.86533767 | E46: ='2_Normalisasi'!E13 -> 0.057283142 | F46: ='2_Normalisasi'!F13 -> 0.083333333 | G46: ='2_Normalisasi'!G13 -> 0.33333333 | H46: ='2_Normalisasi'!H13 -> 0.33333333 | ... L46: ='2_Normalisasi'!L13 -> 0.02972973 | M46: =(C46-B$37)^2+(D46-C$37)^2+(E46-D$37)^2+(F46-E$37)^2+(G46-F$37)^2+(H46-G$37)^2+(I46-H$37)^2+(J46-I$37)^2+(K46-J$37)^2+(L46-K$37)^2 -> 0.62384736 | N46: =MIN('3_KMeans++_Init'!M21,'3_KMeans++_Init'!M46) -> 0.62384736 | O46: =O45+N46/SUM(N$41:N$55) -> 0.42508311
A47: ='2_Normalisasi'!A14 -> 7 | B47: ='2_Normalisasi'!B14 -> Air Terjun Kedung Kayang | C47: ='2_Normalisasi'!C14 -> 0.33916245 | D47: ='2_Normalisasi'!D14 -> 0.16273393 | E47: ='2_Normalisasi'!E14 -> 0.011456628 | F47: ='2_Normalisasi'!F14 -> 0.58333333 | G47: ='2_Normalisasi'!G14 -> 0 | H47: ='2_Normalisasi'!H14 -> 0 | ... L47: ='2_Normalisasi'!L14 -> 0.48378378 | M47: =(C47-B$37)^2+(D47-C$37)^2+(E47-D$37)^2+(F47-E$37)^2+(G47-F$37)^2+(H47-G$37)^2+(I47-H$37)^2+(J47-I$37)^2+(K47-J$37)^2+(L47-K$37)^2 -> 1.0311286 | N47: =MIN('3_KMeans++_Init'!M22,'3_KMeans++_Init'!M47) -> 1.0311286 | O47: =O46+N47/SUM(N$41:N$55) -> 0.46742328
A48: ='2_Normalisasi'!A15 -> 8 | B48: ='2_Normalisasi'!B15 -> Telaga Bleder | C48: ='2_Normalisasi'!C15 -> 0.58122411 | D48: ='2_Normalisasi'!D15 -> 0.52441009 | E48: ='2_Normalisasi'!E15 -> 0.0057283142 | F48: ='2_Normalisasi'!F15 -> 0.16666667 | G48: ='2_Normalisasi'!G15 -> 0 | H48: ='2_Normalisasi'!H15 -> 0 | ... L48: ='2_Normalisasi'!L15 -> 0.20540541 | M48: =(C48-B$37)^2+(D48-C$37)^2+(E48-D$37)^2+(F48-E$37)^2+(G48-F$37)^2+(H48-G$37)^2+(I48-H$37)^2+(J48-I$37)^2+(K48-J$37)^2+(L48-K$37)^2 -> 0.53908621 | N48: =MIN('3_KMeans++_Init'!M23,'3_KMeans++_Init'!M48) -> 0.53908621 | O48: =O47+N48/SUM(N$41:N$55) -> 0.48955922
A49: ='2_Normalisasi'!A16 -> 9 | B49: ='2_Normalisasi'!B16 -> Bukit Rhema (Gereja Ayam) | C49: ='2_Normalisasi'!C16 -> 0.031753336 | D49: ='2_Normalisasi'!D16 -> 0.030105777 | E49: ='2_Normalisasi'!E16 -> 0.11211129 | F49: ='2_Normalisasi'!F16 -> 0.75 | G49: ='2_Normalisasi'!G16 -> 0.33333333 | H49: ='2_Normalisasi'!H16 -> 0.33333333 | ... L49: ='2_Normalisasi'!L16 -> 0.83783784 | M49: =(C49-B$37)^2+(D49-C$37)^2+(E49-D$37)^2+(F49-E$37)^2+(G49-F$37)^2+(H49-G$37)^2+(I49-H$37)^2+(J49-I$37)^2+(K49-J$37)^2+(L49-K$37)^2 -> 2.7536846 | N49: =MIN('3_KMeans++_Init'!M24,'3_KMeans++_Init'!M49) -> 2.7536846 | O49: =O48+N49/SUM(N$41:N$55) -> 0.60263094
A50: ='2_Normalisasi'!A17 -> 10 | B50: ='2_Normalisasi'!B17 -> Sawah Sukomakmur | C50: ='2_Normalisasi'!C17 -> 0.17579383 | D50: ='2_Normalisasi'!D17 -> 0.16842962 | E50: ='2_Normalisasi'!E17 -> 0 | F50: ='2_Normalisasi'!F17 -> 0.33333333 | G50: ='2_Normalisasi'!G17 -> 0 | H50: ='2_Normalisasi'!H17 -> 0 | ... L50: ='2_Normalisasi'!L17 -> 0.65405405 | M50: =(C50-B$37)^2+(D50-C$37)^2+(E50-D$37)^2+(F50-E$37)^2+(G50-F$37)^2+(H50-G$37)^2+(I50-H$37)^2+(J50-I$37)^2+(K50-J$37)^2+(L50-K$37)^2 -> 1.3671618 | N50: =MIN('3_KMeans++_Init'!M25,'3_KMeans++_Init'!M50) -> 1.3671618 | O50: =O49+N50/SUM(N$41:N$55) -> 0.6587693
A51: ='2_Normalisasi'!A18 -> 11 | B51: ='2_Normalisasi'!B18 -> Museum Karmawibhangga | C51: ='2_Normalisasi'!C18 -> 0.040036815 | D51: ='2_Normalisasi'!D18 -> 0.012205045 | E51: ='2_Normalisasi'!E18 -> 0.048281506 | F51: ='2_Normalisasi'!F18 -> 0.25 | G51: ='2_Normalisasi'!G18 -> 1 | H51: ='2_Normalisasi'!H18 -> 0.66666667 | ... L51: ='2_Normalisasi'!L18 -> 0.051351351 | M51: =(C51-B$37)^2+(D51-C$37)^2+(E51-D$37)^2+(F51-E$37)^2+(G51-F$37)^2+(H51-G$37)^2+(I51-H$37)^2+(J51-I$37)^2+(K51-J$37)^2+(L51-K$37)^2 -> 5.3022362 | N51: =MIN('3_KMeans++_Init'!M26,'3_KMeans++_Init'!M51) -> 3.0043699 | O51: =O50+N51/SUM(N$41:N$55) -> 0.78213464
A52: ='2_Normalisasi'!A19 -> 12 | B52: ='2_Normalisasi'!B19 -> Taman Kyai Langgeng | C52: ='2_Normalisasi'!C19 -> 0.10308329 | D52: ='2_Normalisasi'!D19 -> 0.56590724 | E52: ='2_Normalisasi'!E19 -> 0.095744681 | F52: ='2_Normalisasi'!F19 -> 0 | G52: ='2_Normalisasi'!G19 -> 0.66666667 | H52: ='2_Normalisasi'!H19 -> 0.66666667 | ... L52: ='2_Normalisasi'!L19 -> 0 | M52: =(C52-B$37)^2+(D52-C$37)^2+(E52-D$37)^2+(F52-E$37)^2+(G52-F$37)^2+(H52-G$37)^2+(I52-H$37)^2+(J52-I$37)^2+(K52-J$37)^2+(L52-K$37)^2 -> 2.6125464 | N52: =MIN('3_KMeans++_Init'!M27,'3_KMeans++_Init'!M52) -> 2.6125464 | O52: =O51+N52/SUM(N$41:N$55) -> 0.88941095
A53: ='2_Normalisasi'!A20 -> 13 | B53: ='2_Normalisasi'!B20 -> Gunung Andong | C53: ='2_Normalisasi'!C20 -> 1 | D53: ='2_Normalisasi'!D20 -> 0.71440195 | E53: ='2_Normalisasi'!E20 -> 0.022094926 | F53: ='2_Normalisasi'!F20 -> 0.66666667 | G53: ='2_Normalisasi'!G20 -> 0 | H53: ='2_Normalisasi'!H20 -> 0 | ... L53: ='2_Normalisasi'!L20 -> 0.74054054 | M53: =(C53-B$37)^2+(D53-C$37)^2+(E53-D$37)^2+(F53-E$37)^2+(G53-F$37)^2+(H53-G$37)^2+(I53-H$37)^2+(J53-I$37)^2+(K53-J$37)^2+(L53-K$37)^2 -> 0.25935176 | N53: =MIN('3_KMeans++_Init'!M28,'3_KMeans++_Init'!M53) -> 0.25935176 | O53: =O52+N53/SUM(N$41:N$55) -> 0.90006044
... A55: ='2_Normalisasi'!A22 -> 15 | B55: ='2_Normalisasi'!B22 -> Puthuk Mongkrong | C55: ='2_Normalisasi'!C22 -> 0.021168891 | D55: ='2_Normalisasi'!D22 -> 0.050854353 | E55: ='2_Normalisasi'!E22 -> 0.01391162 | F55: ='2_Normalisasi'!F22 -> 0.5 | G55: ='2_Normalisasi'!G22 -> 0 | H55: ='2_Normalisasi'!H22 -> 0 | ... L55: ='2_Normalisasi'!L22 -> 1 | M55: =(C55-B$37)^2+(D55-C$37)^2+(E55-D$37)^2+(F55-E$37)^2+(G55-F$37)^2+(H55-G$37)^2+(I55-H$37)^2+(J55-I$37)^2+(K55-J$37)^2+(L55-K$37)^2 -> 2.4338715 | N55: =MIN('3_KMeans++_Init'!M30,'3_KMeans++_Init'!M55) -> 2.4338715 | O55: =O54+N55/SUM(N$41:N$55) -> 1
A56: C3 = ID argmax D²_min | C56: =INDEX('2_Normalisasi'!A8:A22,MATCH(MAX(N41:N55),N41:N55,0)) -> 11
A57: Nama Destinasi C3 | C57: =INDEX('2_Normalisasi'!B8:B22,MATCH(MAX(N41:N55),N41:N55,0)) -> Museum Karmawibhangga
A58: C3 Values | B58: Lon_n | C58: Lat_n | D58: Visit_n | E58: Rating_n | F58: Akses_n | G58: Fas_n | H58: Alam_n | I58: Budaya_n | J58: Pend_n | K58: Trend_n
B59: =INDEX('2_Normalisasi'!C8:C22,MATCH(MAX(N41:N55),N41:N55,0)) -> 0.040036815 | C59: =INDEX('2_Normalisasi'!D8:D22,MATCH(MAX(N41:N55),N41:N55,0)) -> 0.012205045 | D59: =INDEX('2_Normalisasi'!E8:E22,MATCH(MAX(N41:N55),N41:N55,0)) -> 0.048281506 | E59: =INDEX('2_Normalisasi'!F8:F22,MATCH(MAX(N41:N55),N41:N55,0)) -> 0.25 | F59: =INDEX('2_Normalisasi'!G8:G22,MATCH(MAX(N41:N55),N41:N55,0)) -> 1 | G59: =INDEX('2_Normalisasi'!H8:H22,MATCH(MAX(N41:N55),N41:N55,0)) -> 0.66666667 | H59: =INDEX('2_Normalisasi'!I8:I22,MATCH(MAX(N41:N55),N41:N55,0)) -> 0 | I59: =INDEX('2_Normalisasi'!J8:J22,MATCH(MAX(N41:N55),N41:N55,0)) -> 1 | J59: =INDEX('2_Normalisasi'!K8:K22,MATCH(MAX(N41:N55),N41:N55,0)) -> 0.024056862 | K59: =INDEX('2_Normalisasi'!L8:L22,MATCH(MAX(N41:N55),N41:N55,0)) -> 0.051351351

Sheet 4_Iterasi_KMeans++
A1: ITERASI K-MEANS++: PENUGASAN KLASTER DAN UPDATE CENTROID
A2: Algoritma: (1) Hitung jarak Euclidean ke setiap centroid → (2) Assign ke centroid terdekat → (3) Update centroid = mean klaster → (4) Ulangi hingga konvergen
A4: Centroid | C4: Lon_n | D4: Lat_n | E4: Visit_n | F4: Rating_n | G4: Akses_n | H4: Fas_n | I4: Alam_n | J4: Budaya_n | K4: Pend_n | L4: Trend_n
A5: C1 (Iter-0) | C5: ='3_KMeans++_Init'!B12 -> 0.039116429 | D5: ='3_KMeans++_Init'!C12 -> 0.013425549 | E5: ='3_KMeans++_Init'!D12 -> 1 | F5: ='3_KMeans++_Init'!E12 -> 1 | G5: ='3_KMeans++_Init'!F12 -> 1 | H5: ='3_KMeans++_Init'!G12 -> 1 | I5: ='3_KMeans++_Init'!H12 -> 0.66666667 | J5: ='3_KMeans++_Init'!I12 -> 1 | ... L5: ='3_KMeans++_Init'!K12 -> 0.21891892
A6: C2 (Iter-0) | C6: ='3_KMeans++_Init'!B37 -> 0.88541187 | D6: ='3_KMeans++_Init'!C37 -> 1 | E6: ='3_KMeans++_Init'!D37 -> 0.0032733224 | F6: ='3_KMeans++_Init'!E37 -> 0.41666667 | G6: ='3_KMeans++_Init'!F37 -> 0 | H6: ='3_KMeans++_Init'!G37 -> 0 | I6: ='3_KMeans++_Init'!H37 -> 1 | J6: ='3_KMeans++_Init'!I37 -> 0 | ... L6: ='3_KMeans++_Init'!K37 -> 0.42162162
A7: C3 (Iter-0) | C7: ='3_KMeans++_Init'!B59 -> 0.040036815 | D7: ='3_KMeans++_Init'!C59 -> 0.012205045 | E7: ='3_KMeans++_Init'!D59 -> 0.048281506 | F7: ='3_KMeans++_Init'!E59 -> 0.25 | G7: ='3_KMeans++_Init'!F59 -> 1 | H7: ='3_KMeans++_Init'!G59 -> 0.66666667 | I7: ='3_KMeans++_Init'!H59 -> 0 | J7: ='3_KMeans++_Init'!I59 -> 1 | ... L7: ='3_KMeans++_Init'!K59 -> 0.051351351
A9: ITERASI 1 – PENUGASAN: Hitung jarak ke C1, C2, C3 → assign klaster
A10: ID | B10: Nama | C10: Lon_n | D10: Lat_n | E10: Visit_n | F10: Rating_n | G10: Akses_n | H10: Fas_n | I10: Alam_n | J10: Budaya_n | K10: Pend_n | L10: Trend_n | M10: d(x,C1) | N10: d(x,C2) | O10: d(x,C3) | P10: Klaster | Q10: Warna
A11: ='2_Normalisasi'!A8 -> 1 | B11: ='2_Normalisasi'!B8 -> Candi Borobudur | C11: ='2_Normalisasi'!C8 -> 0.039116429 | D11: ='2_Normalisasi'!D8 -> 0.013425549 | E11: ='2_Normalisasi'!E8 -> 1 | F11: ='2_Normalisasi'!F8 -> 1 | G11: ='2_Normalisasi'!G8 -> 1 | H11: ='2_Normalisasi'!H8 -> 1 | ... L11: ='2_Normalisasi'!L8 -> 0.21891892 | M11: =SQRT((C11-C$5)^2+(D11-D$5)^2+(E11-E$5)^2+(F11-F$5)^2+(G11-G$5)^2+(H11-H$5)^2+(I11-I$5)^2+(J11-J$5)^2+(K11-K$5)^2+(L11-L$5)^2) -> 0 | N11: =SQRT((C11-C$6)^2+(D11-D$6)^2+(E11-E$6)^2+(F11-F$6)^2+(G11-G$6)^2+(H11-H$6)^2+(I11-I$6)^2+(J11-J$6)^2+(K11-K$6)^2+(L11-L$6)^2) -> 2.6779961 | O11: =SQRT((C11-C$7)^2+(D11-D$7)^2+(E11-E$7)^2+(F11-F$7)^2+(G11-G$7)^2+(H11-H$7)^2+(I11-I$7)^2+(J11-J$7)^2+(K11-K$7)^2+(L11-L$7)^2) -> 1.7333118 | P11: =MATCH(MIN(M11:O11),M11:O11,0) -> 1 | Q11: =IF(P11=1,"Klaster 1 (Unggulan)",IF(P11=2,"Klaster 2 (Berkembang)","Klaster 3 (Potensial)")) -> Klaster 1 (Unggulan)
A12: ='2_Normalisasi'!A9 -> 2 | B12: ='2_Normalisasi'!B9 -> Punthuk Setumbu | C12: ='2_Normalisasi'!C9 -> 0 | D12: ='2_Normalisasi'!D9 -> 0.03539463 | E12: ='2_Normalisasi'!E9 -> 0.12847791 | F12: ='2_Normalisasi'!F9 -> 0.83333333 | G12: ='2_Normalisasi'!G9 -> 0.33333333 | H12: ='2_Normalisasi'!H9 -> 0.33333333 | ... L12: ='2_Normalisasi'!L9 -> 0.38648649 | M12: =SQRT((C12-C$5)^2+(D12-D$5)^2+(E12-E$5)^2+(F12-F$5)^2+(G12-G$5)^2+(H12-H$5)^2+(I12-I$5)^2+(J12-J$5)^2+(K12-K$5)^2+(L12-L$5)^2) -> 1.6325958 | N12: =SQRT((C12-C$6)^2+(D12-D$6)^2+(E12-E$6)^2+(F12-F$6)^2+(G12-G$6)^2+(H12-H$6)^2+(I12-I$6)^2+(J12-J$6)^2+(K12-K$6)^2+(L12-L$6)^2) -> 1.6096958 | O12: =SQRT((C12-C$7)^2+(D12-D$7)^2+(E12-E$7)^2+(F12-F$7)^2+(G12-G$7)^2+(H12-H$7)^2+(I12-I$7)^2+(J12-J$7)^2+(K12-K$7)^2+(L12-L$7)^2) -> 1.4634378 | P12: =MATCH(MIN(M12:O12),M12:O12,0) -> 3 | Q12: =IF(P12=1,"Klaster 1 (Unggulan)",IF(P12=2,"Klaster 2 (Berkembang)","Klaster 3 (Potensial)")) -> Klaster 3 (Potensial)
A13: ='2_Normalisasi'!A10 -> 3 | B13: ='2_Normalisasi'!B10 -> Candi Pawon | C13: ='2_Normalisasi'!C10 -> 0.070409572 | D13: ='2_Normalisasi'!D10 -> 0 | E13: ='2_Normalisasi'!E10 -> 0.054828151 | F13: ='2_Normalisasi'!F10 -> 0.41666667 | G13: ='2_Normalisasi'!G10 -> 0.66666667 | H13: ='2_Normalisasi'!H10 -> 0.33333333 | ... L13: ='2_Normalisasi'!L10 -> 0.10810811 | M13: =SQRT((C13-C$5)^2+(D13-D$5)^2+(E13-E$5)^2+(F13-F$5)^2+(G13-G$5)^2+(H13-H$5)^2+(I13-I$5)^2+(J13-J$5)^2+(K13-K$5)^2+(L13-L$5)^2) -> 1.686705 | N13: =SQRT((C13-C$6)^2+(D13-D$6)^2+(E13-E$6)^2+(F13-F$6)^2+(G13-G$6)^2+(H13-H$6)^2+(I13-I$6)^2+(J13-J$6)^2+(K13-K$6)^2+(L13-L$6)^2) -> 1.9406884 | O13: =SQRT((C13-C$7)^2+(D13-D$7)^2+(E13-E$7)^2+(F13-F$7)^2+(G13-G$7)^2+(H13-H$7)^2+(I13-I$7)^2+(J13-J$7)^2+(K13-K$7)^2+(L13-L$7)^2) -> 0.60462082 | P13: =MATCH(MIN(M13:O13),M13:O13,0) -> 3 | Q13: =IF(P13=1,"Klaster 1 (Unggulan)",IF(P13=2,"Klaster 2 (Berkembang)","Klaster 3 (Potensial)")) -> Klaster 3 (Potensial)
A14: ='2_Normalisasi'!A11 -> 4 | B14: ='2_Normalisasi'!B11 -> Candi Mendut | C14: ='2_Normalisasi'!C11 -> 0.15002301 | D14: ='2_Normalisasi'!D11 -> 0.04719284 | E14: ='2_Normalisasi'!E11 -> 0.079378069 | F14: ='2_Normalisasi'!F11 -> 0.5 | G14: ='2_Normalisasi'!G11 -> 0.66666667 | H14: ='2_Normalisasi'!H11 -> 0.66666667 | ... L14: ='2_Normalisasi'!L11 -> 0.14324324 | M14: =SQRT((C14-C$5)^2+(D14-D$5)^2+(E14-E$5)^2+(F14-F$5)^2+(G14-G$5)^2+(H14-H$5)^2+(I14-I$5)^2+(J14-J$5)^2+(K14-K$5)^2+(L14-L$5)^2) -> 1.5312476 | N14: =SQRT((C14-C$6)^2+(D14-D$6)^2+(E14-E$6)^2+(F14-F$6)^2+(G14-G$6)^2+(H14-H$6)^2+(I14-I$6)^2+(J14-J$6)^2+(K14-K$6)^2+(L14-L$6)^2) -> 1.9684839 | O14: =SQRT((C14-C$7)^2+(D14-D$7)^2+(E14-E$7)^2+(F14-F$7)^2+(G14-G$7)^2+(H14-H$7)^2+(I14-I$7)^2+(J14-J$7)^2+(K14-K$7)^2+(L14-L$7)^2) -> 0.55530056 | P14: =MATCH(MIN(M14:O14),M14:O14,0) -> 3 | Q14: =IF(P14=1,"Klaster 1 (Unggulan)",IF(P14=2,"Klaster 2 (Berkembang)","Klaster 3 (Potensial)")) -> Klaster 3 (Potensial)
A15: ='2_Normalisasi'!A12 -> 5 | B15: ='2_Normalisasi'!B12 -> Ketep Pass | C15: ='2_Normalisasi'!C12 -> 0.28163829 | D15: ='2_Normalisasi'!D12 -> 0.10781123 | E15: ='2_Normalisasi'!E12 -> 0.14893617 | F15: ='2_Normalisasi'!F12 -> 0.66666667 | G15: ='2_Normalisasi'!G12 -> 0.33333333 | H15: ='2_Normalisasi'!H12 -> 0.66666667 | ... L15: ='2_Normalisasi'!L12 -> 0.31081081 | M15: =SQRT((C15-C$5)^2+(D15-D$5)^2+(E15-E$5)^2+(F15-F$5)^2+(G15-G$5)^2+(H15-H$5)^2+(I15-I$5)^2+(J15-J$5)^2+(K15-K$5)^2+(L15-L$5)^2) -> 1.6527701 | N15: =SQRT((C15-C$6)^2+(D15-D$6)^2+(E15-E$6)^2+(F15-F$6)^2+(G15-G$6)^2+(H15-H$6)^2+(I15-I$6)^2+(J15-J$6)^2+(K15-K$6)^2+(L15-L$6)^2) -> 1.3955546 | O15: =SQRT((C15-C$7)^2+(D15-D$7)^2+(E15-E$7)^2+(F15-F$7)^2+(G15-G$7)^2+(H15-H$7)^2+(I15-I$7)^2+(J15-J$7)^2+(K15-K$7)^2+(L15-L$7)^2) -> 1.4917794 | P15: =MATCH(MIN(M15:O15),M15:O15,0) -> 2 | Q15: =IF(P15=1,"Klaster 1 (Unggulan)",IF(P15=2,"Klaster 2 (Berkembang)","Klaster 3 (Potensial)")) -> Klaster 2 (Berkembang)
A16: ='2_Normalisasi'!A13 -> 6 | B16: ='2_Normalisasi'!B13 -> Kopeng | C16: ='2_Normalisasi'!C13 -> 0.94799816 | D16: ='2_Normalisasi'!D13 -> 0.86533767 | E16: ='2_Normalisasi'!E13 -> 0.057283142 | F16: ='2_Normalisasi'!F13 -> 0.083333333 | G16: ='2_Normalisasi'!G13 -> 0.33333333 | H16: ='2_Normalisasi'!H13 -> 0.33333333 | ... L16: ='2_Normalisasi'!L13 -> 0.02972973 | M16: =SQRT((C16-C$5)^2+(D16-D$5)^2+(E16-E$5)^2+(F16-F$5)^2+(G16-G$5)^2+(H16-H$5)^2+(I16-I$5)^2+(J16-J$5)^2+(K16-K$5)^2+(L16-L$5)^2) -> 2.4787369 | N16: =SQRT((C16-C$6)^2+(D16-D$6)^2+(E16-E$6)^2+(F16-F$6)^2+(G16-G$6)^2+(H16-H$6)^2+(I16-I$6)^2+(J16-J$6)^2+(K16-K$6)^2+(L16-L$6)^2) -> 0.78984009 | O16: =SQRT((C16-C$7)^2+(D16-D$7)^2+(E16-E$7)^2+(F16-F$7)^2+(G16-G$7)^2+(H16-H$7)^2+(I16-I$7)^2+(J16-J$7)^2+(K16-K$7)^2+(L16-L$7)^2) -> 1.8922489 | P16: =MATCH(MIN(M16:O16),M16:O16,0) -> 2 | Q16: =IF(P16=1,"Klaster 1 (Unggulan)",IF(P16=2,"Klaster 2 (Berkembang)","Klaster 3 (Potensial)")) -> Klaster 2 (Berkembang)
A17: ='2_Normalisasi'!A14 -> 7 | B17: ='2_Normalisasi'!B14 -> Air Terjun Kedung Kayang | C17: ='2_Normalisasi'!C14 -> 0.33916245 | D17: ='2_Normalisasi'!D14 -> 0.16273393 | E17: ='2_Normalisasi'!E14 -> 0.011456628 | F17: ='2_Normalisasi'!F14 -> 0.58333333 | G17: ='2_Normalisasi'!G14 -> 0 | H17: ='2_Normalisasi'!H14 -> 0 | ... L17: ='2_Normalisasi'!L14 -> 0.48378378 | M17: =SQRT((C17-C$5)^2+(D17-D$5)^2+(E17-E$5)^2+(F17-F$5)^2+(G17-G$5)^2+(H17-H$5)^2+(I17-I$5)^2+(J17-J$5)^2+(K17-K$5)^2+(L17-L$5)^2) -> 2.3307557 | N17: =SQRT((C17-C$6)^2+(D17-D$6)^2+(E17-E$6)^2+(F17-F$6)^2+(G17-G$6)^2+(H17-H$6)^2+(I17-I$6)^2+(J17-J$6)^2+(K17-K$6)^2+(L17-L$6)^2) -> 1.015445 | O17: =SQRT((C17-C$7)^2+(D17-D$7)^2+(E17-E$7)^2+(F17-F$7)^2+(G17-G$7)^2+(H17-H$7)^2+(I17-I$7)^2+(J17-J$7)^2+(K17-K$7)^2+(L17-L$7)^2) -> 1.9637643 | P17: =MATCH(MIN(M17:O17),M17:O17,0) -> 2 | Q17: =IF(P17=1,"Klaster 1 (Unggulan)",IF(P17=2,"Klaster 2 (Berkembang)","Klaster 3 (Potensial)")) -> Klaster 2 (Berkembang)
A18: ='2_Normalisasi'!A15 -> 8 | B18: ='2_Normalisasi'!B15 -> Telaga Bleder | C18: ='2_Normalisasi'!C15 -> 0.58122411 | D18: ='2_Normalisasi'!D15 -> 0.52441009 | E18: ='2_Normalisasi'!E15 -> 0.0057283142 | F18: ='2_Normalisasi'!F15 -> 0.16666667 | G18: ='2_Normalisasi'!G15 -> 0 | H18: ='2_Normalisasi'!H15 -> 0 | ... L18: ='2_Normalisasi'!L15 -> 0.20540541 | M18: =SQRT((C18-C$5)^2+(D18-D$5)^2+(E18-E$5)^2+(F18-F$5)^2+(G18-G$5)^2+(H18-H$5)^2+(I18-I$5)^2+(J18-J$5)^2+(K18-K$5)^2+(L18-L$5)^2) -> 2.4961068 | N18: =SQRT((C18-C$6)^2+(D18-D$6)^2+(E18-E$6)^2+(F18-F$6)^2+(G18-G$6)^2+(H18-H$6)^2+(I18-I$6)^2+(J18-J$6)^2+(K18-K$6)^2+(L18-L$6)^2) -> 0.7342249 | O18: =SQRT((C18-C$7)^2+(D18-D$7)^2+(E18-E$7)^2+(F18-F$7)^2+(G18-G$7)^2+(H18-H$7)^2+(I18-I$7)^2+(J18-J$7)^2+(K18-K$7)^2+(L18-L$7)^2) -> 1.8646779 | P18: =MATCH(MIN(M18:O18),M18:O18,0) -> 2 | Q18: =IF(P18=1,"Klaster 1 (Unggulan)",IF(P18=2,"Klaster 2 (Berkembang)","Klaster 3 (Potensial)")) -> Klaster 2 (Berkembang)
A19: ='2_Normalisasi'!A16 -> 9 | B19: ='2_Normalisasi'!B16 -> Bukit Rhema (Gereja Ayam) | C19: ='2_Normalisasi'!C16 -> 0.031753336 | D19: ='2_Normalisasi'!D16 -> 0.030105777 | E19: ='2_Normalisasi'!E16 -> 0.11211129 | F19: ='2_Normalisasi'!F16 -> 0.75 | G19: ='2_Normalisasi'!G16 -> 0.33333333 | H19: ='2_Normalisasi'!H16 -> 0.33333333 | ... L19: ='2_Normalisasi'!L16 -> 0.83783784 | M19: =SQRT((C19-C$5)^2+(D19-D$5)^2+(E19-E$5)^2+(F19-F$5)^2+(G19-G$5)^2+(H19-H$5)^2+(I19-I$5)^2+(J19-J$5)^2+(K19-K$5)^2+(L19-L$5)^2) -> 1.7430569 | N19: =SQRT((C19-C$6)^2+(D19-D$6)^2+(E19-E$6)^2+(F19-F$6)^2+(G19-G$6)^2+(H19-H$6)^2+(I19-I$6)^2+(J19-J$6)^2+(K19-K$6)^2+(L19-L$6)^2) -> 1.659423 | O19: =SQRT((C19-C$7)^2+(D19-D$7)^2+(E19-E$7)^2+(F19-F$7)^2+(G19-G$7)^2+(H19-H$7)^2+(I19-I$7)^2+(J19-J$7)^2+(K19-K$7)^2+(L19-L$7)^2) -> 1.4108226 | P19: =MATCH(MIN(M19:O19),M19:O19,0) -> 3 | Q19: =IF(P19=1,"Klaster 1 (Unggulan)",IF(P19=2,"Klaster 2 (Berkembang)","Klaster 3 (Potensial)")) -> Klaster 3 (Potensial)
A20: ='2_Normalisasi'!A17 -> 10 | B20: ='2_Normalisasi'!B17 -> Sawah Sukomakmur | C20: ='2_Normalisasi'!C17 -> 0.17579383 | D20: ='2_Normalisasi'!D17 -> 0.16842962 | E20: ='2_Normalisasi'!E17 -> 0 | F20: ='2_Normalisasi'!F17 -> 0.33333333 | G20: ='2_Normalisasi'!G17 -> 0 | H20: ='2_Normalisasi'!H17 -> 0 | ... L20: ='2_Normalisasi'!L17 -> 0.65405405 | M20: =SQRT((C20-C$5)^2+(D20-D$5)^2+(E20-E$5)^2+(F20-F$5)^2+(G20-G$5)^2+(H20-H$5)^2+(I20-I$5)^2+(J20-J$5)^2+(K20-K$5)^2+(L20-L$5)^2) -> 2.2873674 | N20: =SQRT((C20-C$6)^2+(D20-D$6)^2+(E20-E$6)^2+(F20-F$6)^2+(G20-G$6)^2+(H20-H$6)^2+(I20-I$6)^2+(J20-J$6)^2+(K20-K$6)^2+(L20-L$6)^2) -> 1.169257 | O20: =SQRT((C20-C$7)^2+(D20-D$7)^2+(E20-E$7)^2+(F20-F$7)^2+(G20-G$7)^2+(H20-H$7)^2+(I20-I$7)^2+(J20-J$7)^2+(K20-K$7)^2+(L20-L$7)^2) -> 1.8179191 | P20: =MATCH(MIN(M20:O20),M20:O20,0) -> 2 | Q20: =IF(P20=1,"Klaster 1 (Unggulan)",IF(P20=2,"Klaster 2 (Berkembang)","Klaster 3 (Potensial)")) -> Klaster 2 (Berkembang)
A21: ='2_Normalisasi'!A18 -> 11 | B21: ='2_Normalisasi'!B18 -> Museum Karmawibhangga | C21: ='2_Normalisasi'!C18 -> 0.040036815 | D21: ='2_Normalisasi'!D18 -> 0.012205045 | E21: ='2_Normalisasi'!E18 -> 0.048281506 | F21: ='2_Normalisasi'!F18 -> 0.25 | G21: ='2_Normalisasi'!G18 -> 1 | H21: ='2_Normalisasi'!H18 -> 0.66666667 | ... L21: ='2_Normalisasi'!L18 -> 0.051351351 | M21: =SQRT((C21-C$5)^2+(D21-D$5)^2+(E21-E$5)^2+(F21-F$5)^2+(G21-G$5)^2+(H21-H$5)^2+(I21-I$5)^2+(J21-J$5)^2+(K21-K$5)^2+(L21-L$5)^2) -> 1.7333118 | N21: =SQRT((C21-C$6)^2+(D21-D$6)^2+(E21-E$6)^2+(F21-F$6)^2+(G21-G$6)^2+(H21-H$6)^2+(I21-I$6)^2+(J21-J$6)^2+(K21-K$6)^2+(L21-L$6)^2) -> 2.3026585 | O21: =SQRT((C21-C$7)^2+(D21-D$7)^2+(E21-E$7)^2+(F21-F$7)^2+(G21-G$7)^2+(H21-H$7)^2+(I21-I$7)^2+(J21-J$7)^2+(K21-K$7)^2+(L21-L$7)^2) -> 0 | P21: =MATCH(MIN(M21:O21),M21:O21,0) -> 3 | Q21: =IF(P21=1,"Klaster 1 (Unggulan)",IF(P21=2,"Klaster 2 (Berkembang)","Klaster 3 (Potensial)")) -> Klaster 3 (Potensial)
A22: ='2_Normalisasi'!A19 -> 12 | B22: ='2_Normalisasi'!B19 -> Taman Kyai Langgeng | C22: ='2_Normalisasi'!C19 -> 0.10308329 | D22: ='2_Normalisasi'!D19 -> 0.56590724 | E22: ='2_Normalisasi'!E19 -> 0.095744681 | F22: ='2_Normalisasi'!F19 -> 0 | G22: ='2_Normalisasi'!G19 -> 0.66666667 | H22: ='2_Normalisasi'!H19 -> 0.66666667 | ... L22: ='2_Normalisasi'!L19 -> 0 | M22: =SQRT((C22-C$5)^2+(D22-D$5)^2+(E22-E$5)^2+(F22-F$5)^2+(G22-G$5)^2+(H22-H$5)^2+(I22-I$5)^2+(J22-J$5)^2+(K22-K$5)^2+(L22-L$5)^2) -> 1.9445863 | N22: =SQRT((C22-C$6)^2+(D22-D$6)^2+(E22-E$6)^2+(F22-F$6)^2+(G22-G$6)^2+(H22-H$6)^2+(I22-I$6)^2+(J22-J$6)^2+(K22-K$6)^2+(L22-L$6)^2) -> 1.6163373 | O22: =SQRT((C22-C$7)^2+(D22-D$7)^2+(E22-E$7)^2+(F22-F$7)^2+(G22-G$7)^2+(H22-H$7)^2+(I22-I$7)^2+(J22-J$7)^2+(K22-K$7)^2+(L22-L$7)^2) -> 1.0241689 | P22: =MATCH(MIN(M22:O22),M22:O22,0) -> 3 | Q22: =IF(P22=1,"Klaster 1 (Unggulan)",IF(P22=2,"Klaster 2 (Berkembang)","Klaster 3 (Potensial)")) -> Klaster 3 (Potensial)
... A25: ='2_Normalisasi'!A22 -> 15 | B25: ='2_Normalisasi'!B22 -> Puthuk Mongkrong | C25: ='2_Normalisasi'!C22 -> 0.021168891 | D25: ='2_Normalisasi'!D22 -> 0.050854353 | E25: ='2_Normalisasi'!E22 -> 0.01391162 | F25: ='2_Normalisasi'!F22 -> 0.5 | G25: ='2_Normalisasi'!G22 -> 0 | H25: ='2_Normalisasi'!H22 -> 0 | ... L25: ='2_Normalisasi'!L22 -> 1 | M25: =SQRT((C25-C$5)^2+(D25-D$5)^2+(E25-E$5)^2+(F25-F$5)^2+(G25-G$5)^2+(H25-H$5)^2+(I25-I$5)^2+(J25-J$5)^2+(K25-K$5)^2+(L25-L$5)^2) -> 2.2445267 | N25: =SQRT((C25-C$6)^2+(D25-D$6)^2+(E25-E$6)^2+(F25-F$6)^2+(G25-G$6)^2+(H25-H$6)^2+(I25-I$6)^2+(J25-J$6)^2+(K25-K$6)^2+(L25-L$6)^2) -> 1.560087 | O25: =SQRT((C25-C$7)^2+(D25-D$7)^2+(E25-E$7)^2+(F25-F$7)^2+(G25-G$7)^2+(H25-H$7)^2+(I25-I$7)^2+(J25-J$7)^2+(K25-K$7)^2+(L25-L$7)^2) -> 1.8764964 | P25: =MATCH(MIN(M25:O25),M25:O25,0) -> 2 | Q25: =IF(P25=1,"Klaster 1 (Unggulan)",IF(P25=2,"Klaster 2 (Berkembang)","Klaster 3 (Potensial)")) -> Klaster 2 (Berkembang)
A27: UPDATE CENTROID ITERASI 1: Centroid baru = AVERAGE(titik dalam klaster)
A28: Centroid | B28: n(titik) | C28: Lon_n | D28: Lat_n | E28: Visit_n | F28: Rating_n | G28: Akses_n | H28: Fas_n | I28: Alam_n | J28: Budaya_n | K28: Pend_n | L28: Trend_n | M28: WCSS
A29: C1 baru | B29: =COUNTIF(P$11:P$25,1) -> 1 | C29: =IFERROR(AVERAGEIF(P$11:P$25,1,C$11:C$25),0) -> 0.039116429 | D29: =IFERROR(AVERAGEIF(P$11:P$25,1,D$11:D$25),0) -> 0.013425549 | E29: =IFERROR(AVERAGEIF(P$11:P$25,1,E$11:E$25),0) -> 1 | F29: =IFERROR(AVERAGEIF(P$11:P$25,1,F$11:F$25),0) -> 1 | G29: =IFERROR(AVERAGEIF(P$11:P$25,1,G$11:G$25),0) -> 1 | H29: =IFERROR(AVERAGEIF(P$11:P$25,1,H$11:H$25),0) -> 1 | I29: =IFERROR(AVERAGEIF(P$11:P$25,1,I$11:I$25),0) -> 0.66666667 | J29: =IFERROR(AVERAGEIF(P$11:P$25,1,J$11:J$25),0) -> 1 | K29: =IFERROR(AVERAGEIF(P$11:P$25,1,K$11:K$25),0) -> 1 | L29: =IFERROR(AVERAGEIF(P$11:P$25,1,L$11:L$25),0) -> 0.21891892 | M29: =SUMPRODUCT((P$11:P$25=1)*((C$11:C$25-$C$5)^2+(D$11:D$25-$D$5)^2+(E$11:E$25-$E$5)^2+(F$11:F$25-$F$5)^2+(G$11:G$25-$G$5)^2+(H$11:H$25-$H$5)^2+(I$11:I$25-$I$5)^2+(J$11:J$25-$J$5)^2+(K$11:K$25-$K$5)^2+(L$11:L$25-$L$5)^2)) -> 0
A30: C2 baru | B30: =COUNTIF(P$11:P$25,2) -> 8 | C30: =IFERROR(AVERAGEIF(P$11:P$25,2,C$11:C$25),0) -> 0.5290497 | D30: =IFERROR(AVERAGEIF(P$11:P$25,2,D$11:D$25),0) -> 0.44924736 | E30: =IFERROR(AVERAGEIF(P$11:P$25,2,E$11:E$25),0) -> 0.032835516 | F30: =IFERROR(AVERAGEIF(P$11:P$25,2,F$11:F$25),0) -> 0.42708333 | G30: =IFERROR(AVERAGEIF(P$11:P$25,2,G$11:G$25),0) -> 0.083333333 | H30: =IFERROR(AVERAGEIF(P$11:P$25,2,H$11:H$25),0) -> 0.125 | I30: =IFERROR(AVERAGEIF(P$11:P$25,2,I$11:I$25),0) -> 0.91666667 | J30: =IFERROR(AVERAGEIF(P$11:P$25,2,J$11:J$25),0) -> 0.16666667 | K30: =IFERROR(AVERAGEIF(P$11:P$25,2,K$11:K$25),0) -> 0.027713231 | L30: =IFERROR(AVERAGEIF(P$11:P$25,2,L$11:L$25),0) -> 0.48074324 | M30: =SUMPRODUCT((P$11:P$25=2)*((C$11:C$25-$C$6)^2+(D$11:D$25-$D$6)^2+(E$11:E$25-$E$6)^2+(F$11:F$25-$F$6)^2+(G$11:G$25-$G$6)^2+(H$11:H$25-$H$6)^2+(I$11:I$25-$I$6)^2+(J$11:J$25-$J$6)^2+(K$11:K$25-$K$6)^2+(L$11:L$25-$L$6)^2)) -> 8.20202
A31: C3 baru | B31: =COUNTIF(P$11:P$25,3) -> 6 | C31: =IFERROR(AVERAGEIF(P$11:P$25,3,C$11:C$25),0) -> 0.065884338 | D31: =IFERROR(AVERAGEIF(P$11:P$25,3,D$11:D$25),0) -> 0.11513426 | E31: =IFERROR(AVERAGEIF(P$11:P$25,3,E$11:E$25),0) -> 0.086470267 | F31: =IFERROR(AVERAGEIF(P$11:P$25,3,F$11:F$25),0) -> 0.45833333 | G31: =IFERROR(AVERAGEIF(P$11:P$25,3,G$11:G$25),0) -> 0.61111111 | H31: =IFERROR(AVERAGEIF(P$11:P$25,3,H$11:H$25),0) -> 0.5 | I31: =IFERROR(AVERAGEIF(P$11:P$25,3,I$11:I$25),0) -> 0.44444444 | J31: =IFERROR(AVERAGEIF(P$11:P$25,3,J$11:J$25),0) -> 0.77777778 | K31: =IFERROR(AVERAGEIF(P$11:P$25,3,K$11:K$25),0) -> 0.074630946 | L31: =IFERROR(AVERAGEIF(P$11:P$25,3,L$11:L$25),0) -> 0.2545045 | M31: =SUMPRODUCT((P$11:P$25=3)*((C$11:C$25-$C$7)^2+(D$11:D$25-$D$7)^2+(E$11:E$25-$E$7)^2+(F$11:F$25-$F$7)^2+(G$11:G$25-$G$7)^2+(H$11:H$25-$H$7)^2+(I$11:I$25-$I$7)^2+(J$11:J$25-$J$7)^2+(K$11:K$25-$K$7)^2+(L$11:L$25-$L$7)^2)) -> 5.8549178
A33: Total WCSS Iter-1 | C33: =SUM(M29:M31) -> 14.056938
A37: ITERASI 2 – PENUGASAN: Hitung jarak ke C1, C2, C3 → assign klaster
A38: ID | B38: Nama | C38: Lon_n | D38: Lat_n | E38: Visit_n | F38: Rating_n | G38: Akses_n | H38: Fas_n | I38: Alam_n | J38: Budaya_n | K38: Pend_n | L38: Trend_n | M38: d(x,C1) | N38: d(x,C2) | O38: d(x,C3) | P38: Klaster | Q38: Warna
A39: =A11 -> 1 | B39: =B11 -> Candi Borobudur | C39: =C11 -> 0.039116429 | D39: =D11 -> 0.013425549 | E39: =E11 -> 1 | F39: =F11 -> 1 | G39: =G11 -> 1 | H39: =H11 -> 1 | ... L39: =L11 -> 0.21891892 | M39: =SQRT((C39-C$29)^2+(D39-D$29)^2+(E39-E$29)^2+(F39-F$29)^2+(G39-G$29)^2+(H39-H$29)^2+(I39-I$29)^2+(J39-J$29)^2+(K39-K$29)^2+(L39-L$29)^2) -> 0 | N39: =SQRT((C39-C$30)^2+(D39-D$30)^2+(E39-E$30)^2+(F39-F$30)^2+(G39-G$30)^2+(H39-H$30)^2+(I39-I$30)^2+(J39-J$30)^2+(K39-K$30)^2+(L39-L$30)^2) -> 2.2517452 | O39: =SQRT((C39-C$31)^2+(D39-D$31)^2+(E39-E$31)^2+(F39-F$31)^2+(G39-G$31)^2+(H39-H$31)^2+(I39-I$31)^2+(J39-J$31)^2+(K39-K$31)^2+(L39-L$31)^2) -> 1.5800553 | P39: =MATCH(MIN(M39:O39),M39:O39,0) -> 1 | Q39: =IF(P39=1,"Klaster 1 (Unggulan)",IF(P39=2,"Klaster 2 (Berkembang)","Klaster 3 (Potensial)")) -> Klaster 1 (Unggulan)
A40: =A12 -> 2 | B40: =B12 -> Punthuk Setumbu | C40: =C12 -> 0 | D40: =D12 -> 0.03539463 | E40: =E12 -> 0.12847791 | F40: =F12 -> 0.83333333 | G40: =G12 -> 0.33333333 | H40: =H12 -> 0.33333333 | ... L40: =L12 -> 0.38648649 | M40: =SQRT((C40-C$29)^2+(D40-D$29)^2+(E40-E$29)^2+(F40-F$29)^2+(G40-G$29)^2+(H40-H$29)^2+(I40-I$29)^2+(J40-J$29)^2+(K40-K$29)^2+(L40-L$29)^2) -> 1.6325958 | N40: =SQRT((C40-C$30)^2+(D40-D$30)^2+(E40-E$30)^2+(F40-F$30)^2+(G40-G$30)^2+(H40-H$30)^2+(I40-I$30)^2+(J40-J$30)^2+(K40-K$30)^2+(L40-L$30)^2) -> 1.0050162 | O40: =SQRT((C40-C$31)^2+(D40-D$31)^2+(E40-E$31)^2+(F40-F$31)^2+(G40-G$31)^2+(H40-H$31)^2+(I40-I$31)^2+(J40-J$31)^2+(K40-K$31)^2+(L40-L$31)^2) -> 0.77519018 | P40: =MATCH(MIN(M40:O40),M40:O40,0) -> 3 | Q40: =IF(P40=1,"Klaster 1 (Unggulan)",IF(P40=2,"Klaster 2 (Berkembang)","Klaster 3 (Potensial)")) -> Klaster 3 (Potensial)
A41: =A13 -> 3 | B41: =B13 -> Candi Pawon | C41: =C13 -> 0.070409572 | D41: =D13 -> 0 | E41: =E13 -> 0.054828151 | F41: =F13 -> 0.41666667 | G41: =G13 -> 0.66666667 | H41: =H13 -> 0.33333333 | ... L41: =L13 -> 0.10810811 | M41: =SQRT((C41-C$29)^2+(D41-D$29)^2+(E41-E$29)^2+(F41-F$29)^2+(G41-G$29)^2+(H41-H$29)^2+(I41-I$29)^2+(J41-J$29)^2+(K41-K$29)^2+(L41-L$29)^2) -> 1.686705 | N41: =SQRT((C41-C$30)^2+(D41-D$30)^2+(E41-E$30)^2+(F41-F$30)^2+(G41-G$30)^2+(H41-H$30)^2+(I41-I$30)^2+(J41-J$30)^2+(K41-K$30)^2+(L41-L$30)^2) -> 1.403595 | O41: =SQRT((C41-C$31)^2+(D41-D$31)^2+(E41-E$31)^2+(F41-F$31)^2+(G41-G$31)^2+(H41-H$31)^2+(I41-I$31)^2+(J41-J$31)^2+(K41-K$31)^2+(L41-L$31)^2) -> 0.36278019 | P41: =MATCH(MIN(M41:O41),M41:O41,0) -> 3 | Q41: =IF(P41=1,"Klaster 1 (Unggulan)",IF(P41=2,"Klaster 2 (Berkembang)","Klaster 3 (Potensial)")) -> Klaster 3 (Potensial)
A42: =A14 -> 4 | B42: =B14 -> Candi Mendut | C42: =C14 -> 0.15002301 | D42: =D14 -> 0.04719284 | E42: =E14 -> 0.079378069 | F42: =F14 -> 0.5 | G42: =G14 -> 0.66666667 | H42: =H14 -> 0.66666667 | ... L42: =L14 -> 0.14324324 | M42: =SQRT((C42-C$29)^2+(D42-D$29)^2+(E42-E$29)^2+(F42-F$29)^2+(G42-G$29)^2+(H42-H$29)^2+(I42-I$29)^2+(J42-J$29)^2+(K42-K$29)^2+(L42-L$29)^2) -> 1.5312476 | N42: =SQRT((C42-C$30)^2+(D42-D$30)^2+(E42-E$30)^2+(F42-F$30)^2+(G42-G$30)^2+(H42-H$30)^2+(I42-I$30)^2+(J42-J$30)^2+(K42-K$30)^2+(L42-L$30)^2) -> 1.4476874 | O42: =SQRT((C42-C$31)^2+(D42-D$31)^2+(E42-E$31)^2+(F42-F$31)^2+(G42-G$31)^2+(H42-H$31)^2+(I42-I$31)^2+(J42-J$31)^2+(K42-K$31)^2+(L42-L$31)^2) -> 0.34478079 | P42: =MATCH(MIN(M42:O42),M42:O42,0) -> 3 | Q42: =IF(P42=1,"Klaster 1 (Unggulan)",IF(P42=2,"Klaster 2 (Berkembang)","Klaster 3 (Potensial)")) -> Klaster 3 (Potensial)
A43: =A15 -> 5 | B43: =B15 -> Ketep Pass | C43: =C15 -> 0.28163829 | D43: =D15 -> 0.10781123 | E43: =E15 -> 0.14893617 | F43: =F15 -> 0.66666667 | G43: =G15 -> 0.33333333 | H43: =H15 -> 0.66666667 | ... L43: =L15 -> 0.31081081 | M43: =SQRT((C43-C$29)^2+(D43-D$29)^2+(E43-E$29)^2+(F43-F$29)^2+(G43-G$29)^2+(H43-H$29)^2+(I43-I$29)^2+(J43-J$29)^2+(K43-K$29)^2+(L43-L$29)^2) -> 1.6527701 | N43: =SQRT((C43-C$30)^2+(D43-D$30)^2+(E43-E$30)^2+(F43-F$30)^2+(G43-G$30)^2+(H43-H$30)^2+(I43-I$30)^2+(J43-J$30)^2+(K43-K$30)^2+(L43-L$30)^2) -> 0.82773777 | O43: =SQRT((C43-C$31)^2+(D43-D$31)^2+(E43-E$31)^2+(F43-F$31)^2+(G43-G$31)^2+(H43-H$31)^2+(I43-I$31)^2+(J43-J$31)^2+(K43-K$31)^2+(L43-L$31)^2) -> 0.84566052 | P43: =MATCH(MIN(M43:O43),M43:O43,0) -> 2 | Q43: =IF(P43=1,"Klaster 1 (Unggulan)",IF(P43=2,"Klaster 2 (Berkembang)","Klaster 3 (Potensial)")) -> Klaster 2 (Berkembang)
A44: =A16 -> 6 | B44: =B16 -> Kopeng | C44: =C16 -> 0.94799816 | D44: =D16 -> 0.86533767 | E44: =E16 -> 0.057283142 | F44: =F16 -> 0.083333333 | G44: =G16 -> 0.33333333 | H44: =H16 -> 0.33333333 | ... L44: =L16 -> 0.02972973 | M44: =SQRT((C44-C$29)^2+(D44-D$29)^2+(E44-E$29)^2+(F44-F$29)^2+(G44-G$29)^2+(H44-H$29)^2+(I44-I$29)^2+(J44-J$29)^2+(K44-K$29)^2+(L44-L$29)^2) -> 2.4787369 | N44: =SQRT((C44-C$30)^2+(D44-D$30)^2+(E44-E$30)^2+(F44-F$30)^2+(G44-G$30)^2+(H44-H$30)^2+(I44-I$30)^2+(J44-J$30)^2+(K44-K$30)^2+(L44-L$30)^2) -> 0.93113714 | O44: =SQRT((C44-C$31)^2+(D44-D$31)^2+(E44-E$31)^2+(F44-F$31)^2+(G44-G$31)^2+(H44-H$31)^2+(I44-I$31)^2+(J44-J$31)^2+(K44-K$31)^2+(L44-L$31)^2) -> 1.5146218 | P44: =MATCH(MIN(M44:O44),M44:O44,0) -> 2 | Q44: =IF(P44=1,"Klaster 1 (Unggulan)",IF(P44=2,"Klaster 2 (Berkembang)","Klaster 3 (Potensial)")) -> Klaster 2 (Berkembang)
A45: =A17 -> 7 | B45: =B17 -> Air Terjun Kedung Kayang | C45: =C17 -> 0.33916245 | D45: =D17 -> 0.16273393 | E45: =E17 -> 0.011456628 | F45: =F17 -> 0.58333333 | G45: =G17 -> 0 | H45: =H17 -> 0 | ... L45: =L17 -> 0.48378378 | M45: =SQRT((C45-C$29)^2+(D45-D$29)^2+(E45-E$29)^2+(F45-F$29)^2+(G45-G$29)^2+(H45-H$29)^2+(I45-I$29)^2+(J45-J$29)^2+(K45-K$29)^2+(L45-L$29)^2) -> 2.3307557 | N45: =SQRT((C45-C$30)^2+(D45-D$30)^2+(E45-E$30)^2+(F45-F$30)^2+(G45-G$30)^2+(H45-H$30)^2+(I45-I$30)^2+(J45-J$30)^2+(K45-K$30)^2+(L45-L$30)^2) -> 0.44809596 | O45: =SQRT((C45-C$31)^2+(D45-D$31)^2+(E45-E$31)^2+(F45-F$31)^2+(G45-G$31)^2+(H45-H$31)^2+(I45-I$31)^2+(J45-J$31)^2+(K45-K$31)^2+(L45-L$31)^2) -> 1.3009662 | P45: =MATCH(MIN(M45:O45),M45:O45,0) -> 2 | Q45: =IF(P45=1,"Klaster 1 (Unggulan)",IF(P45=2,"Klaster 2 (Berkembang)","Klaster 3 (Potensial)")) -> Klaster 2 (Berkembang)
A46: =A18 -> 8 | B46: =B18 -> Telaga Bleder | C46: =C18 -> 0.58122411 | D46: =D18 -> 0.52441009 | E46: =E18 -> 0.0057283142 | F46: =F18 -> 0.16666667 | G46: =G18 -> 0 | H46: =H18 -> 0 | ... L46: =L18 -> 0.20540541 | M46: =SQRT((C46-C$29)^2+(D46-D$29)^2+(E46-E$29)^2+(F46-F$29)^2+(G46-G$29)^2+(H46-H$29)^2+(I46-I$29)^2+(J46-J$29)^2+(K46-K$29)^2+(L46-L$29)^2) -> 2.4961068 | N46: =SQRT((C46-C$30)^2+(D46-D$30)^2+(E46-E$30)^2+(F46-F$30)^2+(G46-G$30)^2+(H46-H$30)^2+(I46-I$30)^2+(J46-J$30)^2+(K46-K$30)^2+(L46-L$30)^2) -> 0.51589915 | O46: =SQRT((C46-C$31)^2+(D46-D$31)^2+(E46-E$31)^2+(F46-F$31)^2+(G46-G$31)^2+(H46-H$31)^2+(I46-I$31)^2+(J46-J$31)^2+(K46-K$31)^2+(L46-L$31)^2) -> 1.3453149 | P46: =MATCH(MIN(M46:O46),M46:O46,0) -> 2 | Q46: =IF(P46=1,"Klaster 1 (Unggulan)",IF(P46=2,"Klaster 2 (Berkembang)","Klaster 3 (Potensial)")) -> Klaster 2 (Berkembang)
A47: =A19 -> 9 | B47: =B19 -> Bukit Rhema (Gereja Ayam) | C47: =C19 -> 0.031753336 | D47: =D19 -> 0.030105777 | E47: =E19 -> 0.11211129 | F47: =F19 -> 0.75 | G47: =G19 -> 0.33333333 | H47: =H19 -> 0.33333333 | ... L47: =L19 -> 0.83783784 | M47: =SQRT((C47-C$29)^2+(D47-D$29)^2+(E47-E$29)^2+(F47-F$29)^2+(G47-G$29)^2+(H47-H$29)^2+(I47-I$29)^2+(J47-J$29)^2+(K47-K$29)^2+(L47-L$29)^2) -> 1.7430569 | N47: =SQRT((C47-C$30)^2+(D47-D$30)^2+(E47-E$30)^2+(F47-F$30)^2+(G47-G$30)^2+(H47-H$30)^2+(I47-I$30)^2+(J47-J$30)^2+(K47-K$30)^2+(L47-L$30)^2) -> 1.0417203 | O47: =SQRT((C47-C$31)^2+(D47-D$31)^2+(E47-E$31)^2+(F47-F$31)^2+(G47-G$31)^2+(H47-H$31)^2+(I47-I$31)^2+(J47-J$31)^2+(K47-K$31)^2+(L47-L$31)^2) -> 0.77581573 | P47: =MATCH(MIN(M47:O47),M47:O47,0) -> 3 | Q47: =IF(P47=1,"Klaster 1 (Unggulan)",IF(P47=2,"Klaster 2 (Berkembang)","Klaster 3 (Potensial)")) -> Klaster 3 (Potensial)
A48: =A20 -> 10 | B48: =B20 -> Sawah Sukomakmur | C48: =C20 -> 0.17579383 | D48: =D20 -> 0.16842962 | E48: =E20 -> 0 | F48: =F20 -> 0.33333333 | G48: =G20 -> 0 | H48: =H20 -> 0 | ... L48: =L20 -> 0.65405405 | M48: =SQRT((C48-C$29)^2+(D48-D$29)^2+(E48-E$29)^2+(F48-F$29)^2+(G48-G$29)^2+(H48-H$29)^2+(I48-I$29)^2+(J48-J$29)^2+(K48-K$29)^2+(L48-L$29)^2) -> 2.2873674 | N48: =SQRT((C48-C$30)^2+(D48-D$30)^2+(E48-E$30)^2+(F48-F$30)^2+(G48-G$30)^2+(H48-H$30)^2+(I48-I$30)^2+(J48-J$30)^2+(K48-K$30)^2+(L48-L$30)^2) -> 0.54919202 | O48: =SQRT((C48-C$31)^2+(D48-D$31)^2+(E48-E$31)^2+(F48-F$31)^2+(G48-G$31)^2+(H48-H$31)^2+(I48-I$31)^2+(J48-J$31)^2+(K48-K$31)^2+(L48-L$31)^2) -> 1.1544964 | P48: =MATCH(MIN(M48:O48),M48:O48,0) -> 2 | Q48: =IF(P48=1,"Klaster 1 (Unggulan)",IF(P48=2,"Klaster 2 (Berkembang)","Klaster 3 (Potensial)")) -> Klaster 2 (Berkembang)
A49: =A21 -> 11 | B49: =B21 -> Museum Karmawibhangga | C49: =C21 -> 0.040036815 | D49: =D21 -> 0.012205045 | E49: =E21 -> 0.048281506 | F49: =F21 -> 0.25 | G49: =G21 -> 1 | H49: =H21 -> 0.66666667 | ... L49: =L21 -> 0.051351351 | M49: =SQRT((C49-C$29)^2+(D49-D$29)^2+(E49-E$29)^2+(F49-F$29)^2+(G49-G$29)^2+(H49-H$29)^2+(I49-I$29)^2+(J49-J$29)^2+(K49-K$29)^2+(L49-L$29)^2) -> 1.7333118 | N49: =SQRT((C49-C$30)^2+(D49-D$30)^2+(E49-E$30)^2+(F49-F$30)^2+(G49-G$30)^2+(H49-H$30)^2+(I49-I$30)^2+(J49-J$30)^2+(K49-K$30)^2+(L49-L$30)^2) -> 1.8205851 | O49: =SQRT((C49-C$31)^2+(D49-D$31)^2+(E49-E$31)^2+(F49-F$31)^2+(G49-G$31)^2+(H49-H$31)^2+(I49-I$31)^2+(J49-J$31)^2+(K49-K$31)^2+(L49-L$31)^2) -> 0.72517484 | P49: =MATCH(MIN(M49:O49),M49:O49,0) -> 3 | Q49: =IF(P49=1,"Klaster 1 (Unggulan)",IF(P49=2,"Klaster 2 (Berkembang)","Klaster 3 (Potensial)")) -> Klaster 3 (Potensial)
A50: =A22 -> 12 | B50: =B22 -> Taman Kyai Langgeng | C50: =C22 -> 0.10308329 | D50: =D22 -> 0.56590724 | E50: =E22 -> 0.095744681 | F50: =F22 -> 0 | G50: =G22 -> 0.66666667 | H50: =H22 -> 0.66666667 | ... L50: =L22 -> 0 | M50: =SQRT((C50-C$29)^2+(D50-D$29)^2+(E50-E$29)^2+(F50-F$29)^2+(G50-G$29)^2+(H50-H$29)^2+(I50-I$29)^2+(J50-J$29)^2+(K50-K$29)^2+(L50-L$29)^2) -> 1.9445863 | N50: =SQRT((C50-C$30)^2+(D50-D$30)^2+(E50-E$30)^2+(F50-F$30)^2+(G50-G$30)^2+(H50-H$30)^2+(I50-I$30)^2+(J50-J$30)^2+(K50-K$30)^2+(L50-L$30)^2) -> 1.2720468 | O50: =SQRT((C50-C$31)^2+(D50-D$31)^2+(E50-E$31)^2+(F50-F$31)^2+(G50-G$31)^2+(H50-H$31)^2+(I50-I$31)^2+(J50-J$31)^2+(K50-K$31)^2+(L50-L$31)^2) -> 0.8488079 | P50: =MATCH(MIN(M50:O50),M50:O50,0) -> 3 | Q50: =IF(P50=1,"Klaster 1 (Unggulan)",IF(P50=2,"Klaster 2 (Berkembang)","Klaster 3 (Potensial)")) -> Klaster 3 (Potensial)
... A53: =A25 -> 15 | B53: =B25 -> Puthuk Mongkrong | C53: =C25 -> 0.021168891 | D53: =D25 -> 0.050854353 | E53: =E25 -> 0.01391162 | F53: =F25 -> 0.5 | G53: =G25 -> 0 | H53: =H25 -> 0 | ... L53: =L25 -> 1 | M53: =SQRT((C53-C$29)^2+(D53-D$29)^2+(E53-E$29)^2+(F53-F$29)^2+(G53-G$29)^2+(H53-H$29)^2+(I53-I$29)^2+(J53-J$29)^2+(K53-K$29)^2+(L53-L$29)^2) -> 2.2445267 | N53: =SQRT((C53-C$30)^2+(D53-D$30)^2+(E53-E$30)^2+(F53-F$30)^2+(G53-G$30)^2+(H53-H$30)^2+(I53-I$30)^2+(J53-J$30)^2+(K53-K$30)^2+(L53-L$30)^2) -> 0.98580706 | O53: =SQRT((C53-C$31)^2+(D53-D$31)^2+(E53-E$31)^2+(F53-F$31)^2+(G53-G$31)^2+(H53-H$31)^2+(I53-I$31)^2+(J53-J$31)^2+(K53-K$31)^2+(L53-L$31)^2) -> 1.2319128 | P53: =MATCH(MIN(M53:O53),M53:O53,0) -> 2 | Q53: =IF(P53=1,"Klaster 1 (Unggulan)",IF(P53=2,"Klaster 2 (Berkembang)","Klaster 3 (Potensial)")) -> Klaster 2 (Berkembang)
A55: UPDATE CENTROID ITERASI 2: Centroid baru = AVERAGE(titik dalam klaster)
A56: Centroid | B56: n(titik) | C56: Lon_n | D56: Lat_n | E56: Visit_n | F56: Rating_n | G56: Akses_n | H56: Fas_n | I56: Alam_n | J56: Budaya_n | K56: Pend_n | L56: Trend_n | M56: WCSS
A57: C1 baru | B57: =COUNTIF(P$39:P$53,1) -> 1 | C57: =IFERROR(AVERAGEIF($P$39:$P$53,1,C$39:C$53),0) -> 0.039116429 | D57: =IFERROR(AVERAGEIF($P$39:$P$53,1,D$39:D$53),0) -> 0.013425549 | E57: =IFERROR(AVERAGEIF($P$39:$P$53,1,E$39:E$53),0) -> 1 | F57: =IFERROR(AVERAGEIF($P$39:$P$53,1,F$39:F$53),0) -> 1 | G57: =IFERROR(AVERAGEIF($P$39:$P$53,1,G$39:G$53),0) -> 1 | H57: =IFERROR(AVERAGEIF($P$39:$P$53,1,H$39:H$53),0) -> 1 | I57: =IFERROR(AVERAGEIF($P$39:$P$53,1,I$39:I$53),0) -> 0.66666667 | J57: =IFERROR(AVERAGEIF($P$39:$P$53,1,J$39:J$53),0) -> 1 | ... L57: =IFERROR(AVERAGEIF($P$39:$P$53,1,L$39:L$53),0) -> 0.21891892 | M57: =SUMPRODUCT((P$39:P$53=1)*((C$39:C$53-$C$29)^2+(D$39:D$53-$D$29)^2+(E$39:E$53-$E$29)^2+(F$39:F$53-$F$29)^2+(G$39:G$53-$G$29)^2+(H$39:H$53-$H$29)^2+(I$39:I$53-$I$29)^2+(J$39:J$53-$J$29)^2+(K$39:K$53-$K$29)^2+(L$39:L$53-$L$29)^2)) -> 0
A58: C2 baru | B58: =COUNTIF(P$39:P$53,2) -> 8 | C58: =IFERROR(AVERAGEIF($P$39:$P$53,2,C$39:C$53),0) -> 0.5290497 | D58: =IFERROR(AVERAGEIF($P$39:$P$53,2,D$39:D$53),0) -> 0.44924736 | E58: =IFERROR(AVERAGEIF($P$39:$P$53,2,E$39:E$53),0) -> 0.032835516 | F58: =IFERROR(AVERAGEIF($P$39:$P$53,2,F$39:F$53),0) -> 0.42708333 | G58: =IFERROR(AVERAGEIF($P$39:$P$53,2,G$39:G$53),0) -> 0.083333333 | H58: =IFERROR(AVERAGEIF($P$39:$P$53,2,H$39:H$53),0) -> 0.125 | I58: =IFERROR(AVERAGEIF($P$39:$P$53,2,I$39:I$53),0) -> 0.91666667 | J58: =IFERROR(AVERAGEIF($P$39:$P$53,2,J$39:J$53),0) -> 0.16666667 | ... L58: =IFERROR(AVERAGEIF($P$39:$P$53,2,L$39:L$53),0) -> 0.48074324 | M58: =SUMPRODUCT((P$39:P$53=2)*((C$39:C$53-$C$30)^2+(D$39:D$53-$D$30)^2+(E$39:E$53-$E$30)^2+(F$39:F$53-$F$30)^2+(G$39:G$53-$G$30)^2+(H$39:H$53-$H$30)^2+(I$39:I$53-$I$30)^2+(J$39:J$53-$J$30)^2+(K$39:K$53-$K$30)^2+(L$39:L$53-$L$30)^2)) -> 4.2599595
A59: C3 baru | B59: =COUNTIF(P$39:P$53,3) -> 6 | C59: =IFERROR(AVERAGEIF($P$39:$P$53,3,C$39:C$53),0) -> 0.065884338 | D59: =IFERROR(AVERAGEIF($P$39:$P$53,3,D$39:D$53),0) -> 0.11513426 | E59: =IFERROR(AVERAGEIF($P$39:$P$53,3,E$39:E$53),0) -> 0.086470267 | F59: =IFERROR(AVERAGEIF($P$39:$P$53,3,F$39:F$53),0) -> 0.45833333 | G59: =IFERROR(AVERAGEIF($P$39:$P$53,3,G$39:G$53),0) -> 0.61111111 | H59: =IFERROR(AVERAGEIF($P$39:$P$53,3,H$39:H$53),0) -> 0.5 | I59: =IFERROR(AVERAGEIF($P$39:$P$53,3,I$39:I$53),0) -> 0.44444444 | J59: =IFERROR(AVERAGEIF($P$39:$P$53,3,J$39:J$53),0) -> 0.77777778 | ... L59: =IFERROR(AVERAGEIF($P$39:$P$53,3,L$39:L$53),0) -> 0.2545045 | M59: =SUMPRODUCT((P$39:P$53=3)*((C$39:C$53-$C$31)^2+(D$39:D$53-$D$31)^2+(E$39:E$53-$E$31)^2+(F$39:F$53-$F$31)^2+(G$39:G$53-$G$31)^2+(H$39:H$53-$H$31)^2+(I$39:I$53-$I$31)^2+(J$39:J$53-$J$31)^2+(K$39:K$53-$K$31)^2+(L$39:L$53-$L$31)^2)) -> 2.6996465
A61: Total WCSS Iter-2 | C61: =SUM(M57:M59) -> 6.9596061
A64: EVALUASI MODEL: SILHOUETTE COEFFICIENT | DAVIES-BOULDIN INDEX | CALINSKI-HARABASZ INDEX
A66: 1. SILHOUETTE COEFFICIENT (SC) – Kisaran: [-1, +1] | Semakin tinggi semakin baik
A67: Formula: s(i) = (b(i) - a(i)) / max(a(i), b(i)) | a(i) = jarak titik ke centroid klaster sendiri | b(i) = jarak minimum ke centroid klaster lain
A68: ID | B68: Nama | C68: Klaster | D68: a(i) Intra | E68: b(i) Inter | F68: s(i) Silhouette | G68: Interpretasi
A69: =A39 -> 1 | B69: =B39 -> Candi Borobudur | C69: =P39 -> 1 | D69: =IF(C69=1,SQRT((C39-C57)^2+(D39-D57)^2+(E39-E57)^2+(F39-F57)^2+(G39-G57)^2+(H39-H57)^2+(I39-I57)^2+(J39-J57)^2+(K39-K57)^2+(L39-L57)^2),IF(C69=2,SQRT((C39-C58)^2+(D39-D58)^2+(E39-E58)^2+(F39-F58)^2+(G39-G58)^2+(H39-H58)^2+(I39-I58)^2+(J39-J58)^2+(K39-K58)^2+(L39-L58)^2),SQRT((C39-C59)^2+(D39-D59)^2+(E39-E59)^2+(F39-F59)^2+(G39-G59)^2+(H39-H59)^2+(I39-I59)^2+(J39-J59)^2+(K39-K59)^2+(L39-L59)^2))) -> 0 | E69: =IF(C69=1,MIN(SQRT((C39-C58)^2+(D39-D58)^2+(E39-E58)^2+(F39-F58)^2+(G39-G58)^2+(H39-H58)^2+(I39-I58)^2+(J39-J58)^2+(K39-K58)^2+(L39-L58)^2),SQRT((C39-C59)^2+(D39-D59)^2+(E39-E59)^2+(F39-F59)^2+(G39-G59)^2+(H39-H59)^2+(I39-I59)^2+(J39-J59)^2+(K39-K59)^2+(L39-L59)^2)),IF(C69=2,MIN(SQRT((C39-C57)^2+(D39-D57)^2+(E39-E57)^2+(F39-F57)^2+(G39-G57)^2+(H39-H57)^2+(I39-I57)^2+(J39-J57)^2+(K39-K57)^2+(L39-L57)^2),SQRT((C39-C59)^2+(D39-D59)^2+(E39-E59)^2+(F39-F59)^2+(G39-G59)^2+(H39-H59)^2+(I39-I59)^2+(J39-J59)^2+(K39-K59)^2+(L39-L59)^2)),MIN(SQRT((C39-C57)^2+(D39-D57)^2+(E39-E57)^2+(F39-F57)^2+(G39-G57)^2+(H39-H57)^2+(I39-I57)^2+(J39-J57)^2+(K39-K57)^2+(L39-L57)^2),SQRT((C39-C58)^2+(D39-D58)^2+(E39-E58)^2+(F39-F58)^2+(G39-G58)^2+(H39-H58)^2+(I39-I58)^2+(J39-J58)^2+(K39-K58)^2+(L39-L58)^2)))) -> 1.5800553 | F69: =(E69-D69)/MAX(D69,E69) -> 1 | G69: =IF(F69>0.7,"Sangat Baik",IF(F69>0.5,"Baik",IF(F69>0.25,"Lemah","Salah Klaster"))) -> Sangat Baik
A70: =A40 -> 2 | B70: =B40 -> Punthuk Setumbu | C70: =P40 -> 3 | D70: =IF(C70=1,SQRT((C40-C57)^2+(D40-D57)^2+(E40-E57)^2+(F40-F57)^2+(G40-G57)^2+(H40-H57)^2+(I40-I57)^2+(J40-J57)^2+(K40-K57)^2+(L40-L57)^2),IF(C70=2,SQRT((C40-C58)^2+(D40-D58)^2+(E40-E58)^2+(F40-F58)^2+(G40-G58)^2+(H40-H58)^2+(I40-I58)^2+(J40-J58)^2+(K40-K58)^2+(L40-L58)^2),SQRT((C40-C59)^2+(D40-D59)^2+(E40-E59)^2+(F40-F59)^2+(G40-G59)^2+(H40-H59)^2+(I40-I59)^2+(J40-J59)^2+(K40-K59)^2+(L40-L59)^2))) -> 0.77519018 | E70: =IF(C70=1,MIN(SQRT((C40-C58)^2+(D40-D58)^2+(E40-E58)^2+(F40-F58)^2+(G40-G58)^2+(H40-H58)^2+(I40-I58)^2+(J40-J58)^2+(K40-K58)^2+(L40-L58)^2),SQRT((C40-C59)^2+(D40-D59)^2+(E40-E59)^2+(F40-F59)^2+(G40-G59)^2+(H40-H59)^2+(I40-I59)^2+(J40-J59)^2+(K40-K59)^2+(L40-L59)^2)),IF(C70=2,MIN(SQRT((C40-C57)^2+(D40-D57)^2+(E40-E57)^2+(F40-F57)^2+(G40-G57)^2+(H40-H57)^2+(I40-I57)^2+(J40-J57)^2+(K40-K57)^2+(L40-L57)^2),SQRT((C40-C59)^2+(D40-D59)^2+(E40-E59)^2+(F40-F59)^2+(G40-G59)^2+(H40-H59)^2+(I40-I59)^2+(J40-J59)^2+(K40-K59)^2+(L40-L59)^2)),MIN(SQRT((C40-C57)^2+(D40-D57)^2+(E40-E57)^2+(F40-F57)^2+(G40-G57)^2+(H40-H57)^2+(I40-I57)^2+(J40-J57)^2+(K40-K57)^2+(L40-L57)^2),SQRT((C40-C58)^2+(D40-D58)^2+(E40-E58)^2+(F40-F58)^2+(G40-G58)^2+(H40-H58)^2+(I40-I58)^2+(J40-J58)^2+(K40-K58)^2+(L40-L58)^2)))) -> 1.0050162 | F70: =(E70-D70)/MAX(D70,E70) -> 0.22867895 | G70: =IF(F70>0.7,"Sangat Baik",IF(F70>0.5,"Baik",IF(F70>0.25,"Lemah","Salah Klaster"))) -> Salah Klaster
A71: =A41 -> 3 | B71: =B41 -> Candi Pawon | C71: =P41 -> 3 | D71: =IF(C71=1,SQRT((C41-C57)^2+(D41-D57)^2+(E41-E57)^2+(F41-F57)^2+(G41-G57)^2+(H41-H57)^2+(I41-I57)^2+(J41-J57)^2+(K41-K57)^2+(L41-L57)^2),IF(C71=2,SQRT((C41-C58)^2+(D41-D58)^2+(E41-E58)^2+(F41-F58)^2+(G41-G58)^2+(H41-H58)^2+(I41-I58)^2+(J41-J58)^2+(K41-K58)^2+(L41-L58)^2),SQRT((C41-C59)^2+(D41-D59)^2+(E41-E59)^2+(F41-F59)^2+(G41-G59)^2+(H41-H59)^2+(I41-I59)^2+(J41-J59)^2+(K41-K59)^2+(L41-L59)^2))) -> 0.36278019 | E71: =IF(C71=1,MIN(SQRT((C41-C58)^2+(D41-D58)^2+(E41-E58)^2+(F41-F58)^2+(G41-G58)^2+(H41-H58)^2+(I41-I58)^2+(J41-J58)^2+(K41-K58)^2+(L41-L58)^2),SQRT((C41-C59)^2+(D41-D59)^2+(E41-E59)^2+(F41-F59)^2+(G41-G59)^2+(H41-H59)^2+(I41-I59)^2+(J41-J59)^2+(K41-K59)^2+(L41-L59)^2)),IF(C71=2,MIN(SQRT((C41-C57)^2+(D41-D57)^2+(E41-E57)^2+(F41-F57)^2+(G41-G57)^2+(H41-H57)^2+(I41-I57)^2+(J41-J57)^2+(K41-K57)^2+(L41-L57)^2),SQRT((C41-C59)^2+(D41-D59)^2+(E41-E59)^2+(F41-F59)^2+(G41-G59)^2+(H41-H59)^2+(I41-I59)^2+(J41-J59)^2+(K41-K59)^2+(L41-L59)^2)),MIN(SQRT((C41-C57)^2+(D41-D57)^2+(E41-E57)^2+(F41-F57)^2+(G41-G57)^2+(H41-H57)^2+(I41-I57)^2+(J41-J57)^2+(K41-K57)^2+(L41-L57)^2),SQRT((C41-C58)^2+(D41-D58)^2+(E41-E58)^2+(F41-F58)^2+(G41-G58)^2+(H41-H58)^2+(I41-I58)^2+(J41-J58)^2+(K41-K58)^2+(L41-L58)^2)))) -> 1.403595 | F71: =(E71-D71)/MAX(D71,E71) -> 0.74153499 | G71: =IF(F71>0.7,"Sangat Baik",IF(F71>0.5,"Baik",IF(F71>0.25,"Lemah","Salah Klaster"))) -> Sangat Baik
A72: =A42 -> 4 | B72: =B42 -> Candi Mendut | C72: =P42 -> 3 | D72: =IF(C72=1,SQRT((C42-C57)^2+(D42-D57)^2+(E42-E57)^2+(F42-F57)^2+(G42-G57)^2+(H42-H57)^2+(I42-I57)^2+(J42-J57)^2+(K42-K57)^2+(L42-L57)^2),IF(C72=2,SQRT((C42-C58)^2+(D42-D58)^2+(E42-E58)^2+(F42-F58)^2+(G42-G58)^2+(H42-H58)^2+(I42-I58)^2+(J42-J58)^2+(K42-K58)^2+(L42-L58)^2),SQRT((C42-C59)^2+(D42-D59)^2+(E42-E59)^2+(F42-F59)^2+(G42-G59)^2+(H42-H59)^2+(I42-I59)^2+(J42-J59)^2+(K42-K59)^2+(L42-L59)^2))) -> 0.34478079 | E72: =IF(C72=1,MIN(SQRT((C42-C58)^2+(D42-D58)^2+(E42-E58)^2+(F42-F58)^2+(G42-G58)^2+(H42-H58)^2+(I42-I58)^2+(J42-J58)^2+(K42-K58)^2+(L42-L58)^2),SQRT((C42-C59)^2+(D42-D59)^2+(E42-E59)^2+(F42-F59)^2+(G42-G59)^2+(H42-H59)^2+(I42-I59)^2+(J42-J59)^2+(K42-K59)^2+(L42-L59)^2)),IF(C72=2,MIN(SQRT((C42-C57)^2+(D42-D57)^2+(E42-E57)^2+(F42-F57)^2+(G42-G57)^2+(H42-H57)^2+(I42-I57)^2+(J42-J57)^2+(K42-K57)^2+(L42-L57)^2),SQRT((C42-C59)^2+(D42-D59)^2+(E42-E59)^2+(F42-F59)^2+(G42-G59)^2+(H42-H59)^2+(I42-I59)^2+(J42-J59)^2+(K42-K59)^2+(L42-L59)^2)),MIN(SQRT((C42-C57)^2+(D42-D57)^2+(E42-E57)^2+(F42-F57)^2+(G42-G57)^2+(H42-H57)^2+(I42-I57)^2+(J42-J57)^2+(K42-K57)^2+(L42-L57)^2),SQRT((C42-C58)^2+(D42-D58)^2+(E42-E58)^2+(F42-F58)^2+(G42-G58)^2+(H42-H58)^2+(I42-I58)^2+(J42-J58)^2+(K42-K58)^2+(L42-L58)^2)))) -> 1.4476874 | F72: =(E72-D72)/MAX(D72,E72) -> 0.76184031 | G72: =IF(F72>0.7,"Sangat Baik",IF(F72>0.5,"Baik",IF(F72>0.25,"Lemah","Salah Klaster"))) -> Sangat Baik
A73: =A43 -> 5 | B73: =B43 -> Ketep Pass | C73: =P43 -> 2 | D73: =IF(C73=1,SQRT((C43-C57)^2+(D43-D57)^2+(E43-E57)^2+(F43-F57)^2+(G43-G57)^2+(H43-H57)^2+(I43-I57)^2+(J43-J57)^2+(K43-K57)^2+(L43-L57)^2),IF(C73=2,SQRT((C43-C58)^2+(D43-D58)^2+(E43-E58)^2+(F43-F58)^2+(G43-G58)^2+(H43-H58)^2+(I43-I58)^2+(J43-J58)^2+(K43-K58)^2+(L43-L58)^2),SQRT((C43-C59)^2+(D43-D59)^2+(E43-E59)^2+(F43-F59)^2+(G43-G59)^2+(H43-H59)^2+(I43-I59)^2+(J43-J59)^2+(K43-K59)^2+(L43-L59)^2))) -> 0.82773777 | E73: =IF(C73=1,MIN(SQRT((C43-C58)^2+(D43-D58)^2+(E43-E58)^2+(F43-F58)^2+(G43-G58)^2+(H43-H58)^2+(I43-I58)^2+(J43-J58)^2+(K43-K58)^2+(L43-L58)^2),SQRT((C43-C59)^2+(D43-D59)^2+(E43-E59)^2+(F43-F59)^2+(G43-G59)^2+(H43-H59)^2+(I43-I59)^2+(J43-J59)^2+(K43-K59)^2+(L43-L59)^2)),IF(C73=2,MIN(SQRT((C43-C57)^2+(D43-D57)^2+(E43-E57)^2+(F43-F57)^2+(G43-G57)^2+(H43-H57)^2+(I43-I57)^2+(J43-J57)^2+(K43-K57)^2+(L43-L57)^2),SQRT((C43-C59)^2+(D43-D59)^2+(E43-E59)^2+(F43-F59)^2+(G43-G59)^2+(H43-H59)^2+(I43-I59)^2+(J43-J59)^2+(K43-K59)^2+(L43-L59)^2)),MIN(SQRT((C43-C57)^2+(D43-D57)^2+(E43-E57)^2+(F43-F57)^2+(G43-G57)^2+(H43-H57)^2+(I43-I57)^2+(J43-J57)^2+(K43-K57)^2+(L43-L57)^2),SQRT((C43-C58)^2+(D43-D58)^2+(E43-E58)^2+(F43-F58)^2+(G43-G58)^2+(H43-H58)^2+(I43-I58)^2+(J43-J58)^2+(K43-K58)^2+(L43-L58)^2)))) -> 0.84566052 | F73: =(E73-D73)/MAX(D73,E73) -> 0.02119379 | G73: =IF(F73>0.7,"Sangat Baik",IF(F73>0.5,"Baik",IF(F73>0.25,"Lemah","Salah Klaster"))) -> Salah Klaster
A74: =A44 -> 6 | B74: =B44 -> Kopeng | C74: =P44 -> 2 | D74: =IF(C74=1,SQRT((C44-C57)^2+(D44-D57)^2+(E44-E57)^2+(F44-F57)^2+(G44-G57)^2+(H44-H57)^2+(I44-I57)^2+(J44-J57)^2+(K44-K57)^2+(L44-L57)^2),IF(C74=2,SQRT((C44-C58)^2+(D44-D58)^2+(E44-E58)^2+(F44-F58)^2+(G44-G58)^2+(H44-H58)^2+(I44-I58)^2+(J44-J58)^2+(K44-K58)^2+(L44-L58)^2),SQRT((C44-C59)^2+(D44-D59)^2+(E44-E59)^2+(F44-F59)^2+(G44-G59)^2+(H44-H59)^2+(I44-I59)^2+(J44-J59)^2+(K44-K59)^2+(L44-L59)^2))) -> 0.93113714 | E74: =IF(C74=1,MIN(SQRT((C44-C58)^2+(D44-D58)^2+(E44-E58)^2+(F44-F58)^2+(G44-G58)^2+(H44-H58)^2+(I44-I58)^2+(J44-J58)^2+(K44-K58)^2+(L44-L58)^2),SQRT((C44-C59)^2+(D44-D59)^2+(E44-E59)^2+(F44-F59)^2+(G44-G59)^2+(H44-H59)^2+(I44-I59)^2+(J44-J59)^2+(K44-K59)^2+(L44-L59)^2)),IF(C74=2,MIN(SQRT((C44-C57)^2+(D44-D57)^2+(E44-E57)^2+(F44-F57)^2+(G44-G57)^2+(H44-H57)^2+(I44-I57)^2+(J44-J57)^2+(K44-K57)^2+(L44-L57)^2),SQRT((C44-C59)^2+(D44-D59)^2+(E44-E59)^2+(F44-F59)^2+(G44-G59)^2+(H44-H59)^2+(I44-I59)^2+(J44-J59)^2+(K44-K59)^2+(L44-L59)^2)),MIN(SQRT((C44-C57)^2+(D44-D57)^2+(E44-E57)^2+(F44-F57)^2+(G44-G57)^2+(H44-H57)^2+(I44-I57)^2+(J44-J57)^2+(K44-K57)^2+(L44-L57)^2),SQRT((C44-C58)^2+(D44-D58)^2+(E44-E58)^2+(F44-F58)^2+(G44-G58)^2+(H44-H58)^2+(I44-I58)^2+(J44-J58)^2+(K44-K58)^2+(L44-L58)^2)))) -> 1.5146218 | F74: =(E74-D74)/MAX(D74,E74) -> 0.38523455 | G74: =IF(F74>0.7,"Sangat Baik",IF(F74>0.5,"Baik",IF(F74>0.25,"Lemah","Salah Klaster"))) -> Lemah
A75: =A45 -> 7 | B75: =B45 -> Air Terjun Kedung Kayang | C75: =P45 -> 2 | D75: =IF(C75=1,SQRT((C45-C57)^2+(D45-D57)^2+(E45-E57)^2+(F45-F57)^2+(G45-G57)^2+(H45-H57)^2+(I45-I57)^2+(J45-J57)^2+(K45-K57)^2+(L45-L57)^2),IF(C75=2,SQRT((C45-C58)^2+(D45-D58)^2+(E45-E58)^2+(F45-F58)^2+(G45-G58)^2+(H45-H58)^2+(I45-I58)^2+(J45-J58)^2+(K45-K58)^2+(L45-L58)^2),SQRT((C45-C59)^2+(D45-D59)^2+(E45-E59)^2+(F45-F59)^2+(G45-G59)^2+(H45-H59)^2+(I45-I59)^2+(J45-J59)^2+(K45-K59)^2+(L45-L59)^2))) -> 0.44809596 | E75: =IF(C75=1,MIN(SQRT((C45-C58)^2+(D45-D58)^2+(E45-E58)^2+(F45-F58)^2+(G45-G58)^2+(H45-H58)^2+(I45-I58)^2+(J45-J58)^2+(K45-K58)^2+(L45-L58)^2),SQRT((C45-C59)^2+(D45-D59)^2+(E45-E59)^2+(F45-F59)^2+(G45-G59)^2+(H45-H59)^2+(I45-I59)^2+(J45-J59)^2+(K45-K59)^2+(L45-L59)^2)),IF(C75=2,MIN(SQRT((C45-C57)^2+(D45-D57)^2+(E45-E57)^2+(F45-F57)^2+(G45-G57)^2+(H45-H57)^2+(I45-I57)^2+(J45-J57)^2+(K45-K57)^2+(L45-L57)^2),SQRT((C45-C59)^2+(D45-D59)^2+(E45-E59)^2+(F45-F59)^2+(G45-G59)^2+(H45-H59)^2+(I45-I59)^2+(J45-J59)^2+(K45-K59)^2+(L45-L59)^2)),MIN(SQRT((C45-C57)^2+(D45-D57)^2+(E45-E57)^2+(F45-F57)^2+(G45-G57)^2+(H45-H57)^2+(I45-I57)^2+(J45-J57)^2+(K45-K57)^2+(L45-L57)^2),SQRT((C45-C58)^2+(D45-D58)^2+(E45-E58)^2+(F45-F58)^2+(G45-G58)^2+(H45-H58)^2+(I45-I58)^2+(J45-J58)^2+(K45-K58)^2+(L45-L58)^2)))) -> 1.3009662 | F75: =(E75-D75)/MAX(D75,E75) -> 0.65556679 | G75: =IF(F75>0.7,"Sangat Baik",IF(F75>0.5,"Baik",IF(F75>0.25,"Lemah","Salah Klaster"))) -> Baik
A76: =A46 -> 8 | B76: =B46 -> Telaga Bleder | C76: =P46 -> 2 | D76: =IF(C76=1,SQRT((C46-C57)^2+(D46-D57)^2+(E46-E57)^2+(F46-F57)^2+(G46-G57)^2+(H46-H57)^2+(I46-I57)^2+(J46-J57)^2+(K46-K57)^2+(L46-L57)^2),IF(C76=2,SQRT((C46-C58)^2+(D46-D58)^2+(E46-E58)^2+(F46-F58)^2+(G46-G58)^2+(H46-H58)^2+(I46-I58)^2+(J46-J58)^2+(K46-K58)^2+(L46-L58)^2),SQRT((C46-C59)^2+(D46-D59)^2+(E46-E59)^2+(F46-F59)^2+(G46-G59)^2+(H46-H59)^2+(I46-I59)^2+(J46-J59)^2+(K46-K59)^2+(L46-L59)^2))) -> 0.51589915 | E76: =IF(C76=1,MIN(SQRT((C46-C58)^2+(D46-D58)^2+(E46-E58)^2+(F46-F58)^2+(G46-G58)^2+(H46-H58)^2+(I46-I58)^2+(J46-J58)^2+(K46-K58)^2+(L46-L58)^2),SQRT((C46-C59)^2+(D46-D59)^2+(E46-E59)^2+(F46-F59)^2+(G46-G59)^2+(H46-H59)^2+(I46-I59)^2+(J46-J59)^2+(K46-K59)^2+(L46-L59)^2)),IF(C76=2,MIN(SQRT((C46-C57)^2+(D46-D57)^2+(E46-E57)^2+(F46-F57)^2+(G46-G57)^2+(H46-H57)^2+(I46-I57)^2+(J46-J57)^2+(K46-K57)^2+(L46-L57)^2),SQRT((C46-C59)^2+(D46-D59)^2+(E46-E59)^2+(F46-F59)^2+(G46-G59)^2+(H46-H59)^2+(I46-I59)^2+(J46-J59)^2+(K46-K59)^2+(L46-L59)^2)),MIN(SQRT((C46-C57)^2+(D46-D57)^2+(E46-E57)^2+(F46-F57)^2+(G46-G57)^2+(H46-H57)^2+(I46-I57)^2+(J46-J57)^2+(K46-K57)^2+(L46-L57)^2),SQRT((C46-C58)^2+(D46-D58)^2+(E46-E58)^2+(F46-F58)^2+(G46-G58)^2+(H46-H58)^2+(I46-I58)^2+(J46-J58)^2+(K46-K58)^2+(L46-L58)^2)))) -> 1.3453149 | F76: =(E76-D76)/MAX(D76,E76) -> 0.61652164 | G76: =IF(F76>0.7,"Sangat Baik",IF(F76>0.5,"Baik",IF(F76>0.25,"Lemah","Salah Klaster"))) -> Baik
A77: =A47 -> 9 | B77: =B47 -> Bukit Rhema (Gereja Ayam) | C77: =P47 -> 3 | D77: =IF(C77=1,SQRT((C47-C57)^2+(D47-D57)^2+(E47-E57)^2+(F47-F57)^2+(G47-G57)^2+(H47-H57)^2+(I47-I57)^2+(J47-J57)^2+(K47-K57)^2+(L47-L57)^2),IF(C77=2,SQRT((C47-C58)^2+(D47-D58)^2+(E47-E58)^2+(F47-F58)^2+(G47-G58)^2+(H47-H58)^2+(I47-I58)^2+(J47-J58)^2+(K47-K58)^2+(L47-L58)^2),SQRT((C47-C59)^2+(D47-D59)^2+(E47-E59)^2+(F47-F59)^2+(G47-G59)^2+(H47-H59)^2+(I47-I59)^2+(J47-J59)^2+(K47-K59)^2+(L47-L59)^2))) -> 0.77581573 | E77: =IF(C77=1,MIN(SQRT((C47-C58)^2+(D47-D58)^2+(E47-E58)^2+(F47-F58)^2+(G47-G58)^2+(H47-H58)^2+(I47-I58)^2+(J47-J58)^2+(K47-K58)^2+(L47-L58)^2),SQRT((C47-C59)^2+(D47-D59)^2+(E47-E59)^2+(F47-F59)^2+(G47-G59)^2+(H47-H59)^2+(I47-I59)^2+(J47-J59)^2+(K47-K59)^2+(L47-L59)^2)),IF(C77=2,MIN(SQRT((C47-C57)^2+(D47-D57)^2+(E47-E57)^2+(F47-F57)^2+(G47-G57)^2+(H47-H57)^2+(I47-I57)^2+(J47-J57)^2+(K47-K57)^2+(L47-L57)^2),SQRT((C47-C59)^2+(D47-D59)^2+(E47-E59)^2+(F47-F59)^2+(G47-G59)^2+(H47-H59)^2+(I47-I59)^2+(J47-J59)^2+(K47-K59)^2+(L47-L59)^2)),MIN(SQRT((C47-C57)^2+(D47-D57)^2+(E47-E57)^2+(F47-F57)^2+(G47-G57)^2+(H47-H57)^2+(I47-I57)^2+(J47-J57)^2+(K47-K57)^2+(L47-L57)^2),SQRT((C47-C58)^2+(D47-D58)^2+(E47-E58)^2+(F47-F58)^2+(G47-G58)^2+(H47-H58)^2+(I47-I58)^2+(J47-J58)^2+(K47-K58)^2+(L47-L58)^2)))) -> 1.0417203 | F77: =(E77-D77)/MAX(D77,E77) -> 0.25525524 | G77: =IF(F77>0.7,"Sangat Baik",IF(F77>0.5,"Baik",IF(F77>0.25,"Lemah","Salah Klaster"))) -> Lemah
A78: =A48 -> 10 | B78: =B48 -> Sawah Sukomakmur | C78: =P48 -> 2 | D78: =IF(C78=1,SQRT((C48-C57)^2+(D48-D57)^2+(E48-E57)^2+(F48-F57)^2+(G48-G57)^2+(H48-H57)^2+(I48-I57)^2+(J48-J57)^2+(K48-K57)^2+(L48-L57)^2),IF(C78=2,SQRT((C48-C58)^2+(D48-D58)^2+(E48-E58)^2+(F48-F58)^2+(G48-G58)^2+(H48-H58)^2+(I48-I58)^2+(J48-J58)^2+(K48-K58)^2+(L48-L58)^2),SQRT((C48-C59)^2+(D48-D59)^2+(E48-E59)^2+(F48-F59)^2+(G48-G59)^2+(H48-H59)^2+(I48-I59)^2+(J48-J59)^2+(K48-K59)^2+(L48-L59)^2))) -> 0.54919202 | E78: =IF(C78=1,MIN(SQRT((C48-C58)^2+(D48-D58)^2+(E48-E58)^2+(F48-F58)^2+(G48-G58)^2+(H48-H58)^2+(I48-I58)^2+(J48-J58)^2+(K48-K58)^2+(L48-L58)^2),SQRT((C48-C59)^2+(D48-D59)^2+(E48-E59)^2+(F48-F59)^2+(G48-G59)^2+(H48-H59)^2+(I48-I59)^2+(J48-J59)^2+(K48-K59)^2+(L48-L59)^2)),IF(C78=2,MIN(SQRT((C48-C57)^2+(D48-D57)^2+(E48-E57)^2+(F48-F57)^2+(G48-G57)^2+(H48-H57)^2+(I48-I57)^2+(J48-J57)^2+(K48-K57)^2+(L48-L57)^2),SQRT((C48-C59)^2+(D48-D59)^2+(E48-E59)^2+(F48-F59)^2+(G48-G59)^2+(H48-H59)^2+(I48-I59)^2+(J48-J59)^2+(K48-K59)^2+(L48-L59)^2)),MIN(SQRT((C48-C57)^2+(D48-D57)^2+(E48-E57)^2+(F48-F57)^2+(G48-G57)^2+(H48-H57)^2+(I48-I57)^2+(J48-J57)^2+(K48-K57)^2+(L48-L57)^2),SQRT((C48-C58)^2+(D48-D58)^2+(E48-E58)^2+(F48-F58)^2+(G48-G58)^2+(H48-H58)^2+(I48-I58)^2+(J48-J58)^2+(K48-K58)^2+(L48-L58)^2)))) -> 1.1544964 | F78: =(E78-D78)/MAX(D78,E78) -> 0.52430165 | G78: =IF(F78>0.7,"Sangat Baik",IF(F78>0.5,"Baik",IF(F78>0.25,"Lemah","Salah Klaster"))) -> Baik
A79: =A49 -> 11 | B79: =B49 -> Museum Karmawibhangga | C79: =P49 -> 3 | D79: =IF(C79=1,SQRT((C49-C57)^2+(D49-D57)^2+(E49-E57)^2+(F49-F57)^2+(G49-G57)^2+(H49-H57)^2+(I49-I57)^2+(J49-J57)^2+(K49-K57)^2+(L49-L57)^2),IF(C79=2,SQRT((C49-C58)^2+(D49-D58)^2+(E49-E58)^2+(F49-F58)^2+(G49-G58)^2+(H49-H58)^2+(I49-I58)^2+(J49-J58)^2+(K49-K58)^2+(L49-L58)^2),SQRT((C49-C59)^2+(D49-D59)^2+(E49-E59)^2+(F49-F59)^2+(G49-G59)^2+(H49-H59)^2+(I49-I59)^2+(J49-J59)^2+(K49-K59)^2+(L49-L59)^2))) -> 0.72517484 | E79: =IF(C79=1,MIN(SQRT((C49-C58)^2+(D49-D58)^2+(E49-E58)^2+(F49-F58)^2+(G49-G58)^2+(H49-H58)^2+(I49-I58)^2+(J49-J58)^2+(K49-K58)^2+(L49-L58)^2),SQRT((C49-C59)^2+(D49-D59)^2+(E49-E59)^2+(F49-F59)^2+(G49-G59)^2+(H49-H59)^2+(I49-I59)^2+(J49-J59)^2+(K49-K59)^2+(L49-L59)^2)),IF(C79=2,MIN(SQRT((C49-C57)^2+(D49-D57)^2+(E49-E57)^2+(F49-F57)^2+(G49-G57)^2+(H49-H57)^2+(I49-I57)^2+(J49-J57)^2+(K49-K57)^2+(L49-L57)^2),SQRT((C49-C59)^2+(D49-D59)^2+(E49-E59)^2+(F49-F59)^2+(G49-G59)^2+(H49-H59)^2+(I49-I59)^2+(J49-J59)^2+(K49-K59)^2+(L49-L59)^2)),MIN(SQRT((C49-C57)^2+(D49-D57)^2+(E49-E57)^2+(F49-F57)^2+(G49-G57)^2+(H49-H57)^2+(I49-I57)^2+(J49-J57)^2+(K49-K57)^2+(L49-L57)^2),SQRT((C49-C58)^2+(D49-D58)^2+(E49-E58)^2+(F49-F58)^2+(G49-G58)^2+(H49-H58)^2+(I49-I58)^2+(J49-J58)^2+(K49-K58)^2+(L49-L58)^2)))) -> 1.7333118 | F79: =(E79-D79)/MAX(D79,E79) -> 0.58162471 | G79: =IF(F79>0.7,"Sangat Baik",IF(F79>0.5,"Baik",IF(F79>0.25,"Lemah","Salah Klaster"))) -> Baik
A80: =A50 -> 12 | B80: =B50 -> Taman Kyai Langgeng | C80: =P50 -> 3 | D80: =IF(C80=1,SQRT((C50-C57)^2+(D50-D57)^2+(E50-E57)^2+(F50-F57)^2+(G50-G57)^2+(H50-H57)^2+(I50-I57)^2+(J50-J57)^2+(K50-K57)^2+(L50-L57)^2),IF(C80=2,SQRT((C50-C58)^2+(D50-D58)^2+(E50-E58)^2+(F50-F58)^2+(G50-G58)^2+(H50-H58)^2+(I50-I58)^2+(J50-J58)^2+(K50-K58)^2+(L50-L58)^2),SQRT((C50-C59)^2+(D50-D59)^2+(E50-E59)^2+(F50-F59)^2+(G50-G59)^2+(H50-H59)^2+(I50-I59)^2+(J50-J59)^2+(K50-K59)^2+(L50-L59)^2))) -> 0.8488079 | E80: =IF(C80=1,MIN(SQRT((C50-C58)^2+(D50-D58)^2+(E50-E58)^2+(F50-F58)^2+(G50-G58)^2+(H50-H58)^2+(I50-I58)^2+(J50-J58)^2+(K50-K58)^2+(L50-L58)^2),SQRT((C50-C59)^2+(D50-D59)^2+(E50-E59)^2+(F50-F59)^2+(G50-G59)^2+(H50-H59)^2+(I50-I59)^2+(J50-J59)^2+(K50-K59)^2+(L50-L59)^2)),IF(C80=2,MIN(SQRT((C50-C57)^2+(D50-D57)^2+(E50-E57)^2+(F50-F57)^2+(G50-G57)^2+(H50-H57)^2+(I50-I57)^2+(J50-J57)^2+(K50-K57)^2+(L50-L57)^2),SQRT((C50-C59)^2+(D50-D59)^2+(E50-E59)^2+(F50-F59)^2+(G50-G59)^2+(H50-H59)^2+(I50-I59)^2+(J50-J59)^2+(K50-K59)^2+(L50-L59)^2)),MIN(SQRT((C50-C57)^2+(D50-D57)^2+(E50-E57)^2+(F50-F57)^2+(G50-G57)^2+(H50-H57)^2+(I50-I57)^2+(J50-J57)^2+(K50-K57)^2+(L50-L57)^2),SQRT((C50-C58)^2+(D50-D58)^2+(E50-E58)^2+(F50-F58)^2+(G50-G58)^2+(H50-H58)^2+(I50-I58)^2+(J50-J58)^2+(K50-K58)^2+(L50-L58)^2)))) -> 1.2720468 | F80: =(E80-D80)/MAX(D80,E80) -> 0.33272273 | G80: =IF(F80>0.7,"Sangat Baik",IF(F80>0.5,"Baik",IF(F80>0.25,"Lemah","Salah Klaster"))) -> Lemah
A81: =A51 -> 13 | B81: =B51 -> Gunung Andong | C81: =P51 -> 2 | D81: =IF(C81=1,SQRT((C51-C57)^2+(D51-D57)^2+(E51-E57)^2+(F51-F57)^2+(G51-G57)^2+(H51-H57)^2+(I51-I57)^2+(J51-J57)^2+(K51-K57)^2+(L51-L57)^2),IF(C81=2,SQRT((C51-C58)^2+(D51-D58)^2+(E51-E58)^2+(F51-F58)^2+(G51-G58)^2+(H51-H58)^2+(I51-I58)^2+(J51-J58)^2+(K51-K58)^2+(L51-L58)^2),SQRT((C51-C59)^2+(D51-D59)^2+(E51-E59)^2+(F51-F59)^2+(G51-G59)^2+(H51-H59)^2+(I51-I59)^2+(J51-J59)^2+(K51-K59)^2+(L51-L59)^2))) -> 0.68896041 | E81: =IF(C81=1,MIN(SQRT((C51-C58)^2+(D51-D58)^2+(E51-E58)^2+(F51-F58)^2+(G51-G58)^2+(H51-H58)^2+(I51-I58)^2+(J51-J58)^2+(K51-K58)^2+(L51-L58)^2),SQRT((C51-C59)^2+(D51-D59)^2+(E51-E59)^2+(F51-F59)^2+(G51-G59)^2+(H51-H59)^2+(I51-I59)^2+(J51-J59)^2+(K51-K59)^2+(L51-L59)^2)),IF(C81=2,MIN(SQRT((C51-C57)^2+(D51-D57)^2+(E51-E57)^2+(F51-F57)^2+(G51-G57)^2+(H51-H57)^2+(I51-I57)^2+(J51-J57)^2+(K51-K57)^2+(L51-L57)^2),SQRT((C51-C59)^2+(D51-D59)^2+(E51-E59)^2+(F51-F59)^2+(G51-G59)^2+(H51-H59)^2+(I51-I59)^2+(J51-J59)^2+(K51-K59)^2+(L51-L59)^2)),MIN(SQRT((C51-C57)^2+(D51-D57)^2+(E51-E57)^2+(F51-F57)^2+(G51-G57)^2+(H51-H57)^2+(I51-I57)^2+(J51-J57)^2+(K51-K57)^2+(L51-L57)^2),SQRT((C51-C58)^2+(D51-D58)^2+(E51-E58)^2+(F51-F58)^2+(G51-G58)^2+(H51-H58)^2+(I51-I58)^2+(J51-J58)^2+(K51-K58)^2+(L51-L58)^2)))) -> 1.7482839 | F81: =(E81-D81)/MAX(D81,E81) -> 0.6059219 | G81: =IF(F81>0.7,"Sangat Baik",IF(F81>0.5,"Baik",IF(F81>0.25,"Lemah","Salah Klaster"))) -> Baik
A82: =A52 -> 14 | B82: =B52 -> Umbul Songo | C82: =P52 -> 2 | D82: =IF(C82=1,SQRT((C52-C57)^2+(D52-D57)^2+(E52-E57)^2+(F52-F57)^2+(G52-G57)^2+(H52-H57)^2+(I52-I57)^2+(J52-J57)^2+(K52-K57)^2+(L52-L57)^2),IF(C82=2,SQRT((C52-C58)^2+(D52-D58)^2+(E52-E58)^2+(F52-F58)^2+(G52-G58)^2+(H52-H58)^2+(I52-I58)^2+(J52-J58)^2+(K52-K58)^2+(L52-L58)^2),SQRT((C52-C59)^2+(D52-D59)^2+(E52-E59)^2+(F52-F59)^2+(G52-G59)^2+(H52-H59)^2+(I52-I59)^2+(J52-J59)^2+(K52-K59)^2+(L52-L59)^2))) -> 0.70196692 | E82: =IF(C82=1,MIN(SQRT((C52-C58)^2+(D52-D58)^2+(E52-E58)^2+(F52-F58)^2+(G52-G58)^2+(H52-H58)^2+(I52-I58)^2+(J52-J58)^2+(K52-K58)^2+(L52-L58)^2),SQRT((C52-C59)^2+(D52-D59)^2+(E52-E59)^2+(F52-F59)^2+(G52-G59)^2+(H52-H59)^2+(I52-I59)^2+(J52-J59)^2+(K52-K59)^2+(L52-L59)^2)),IF(C82=2,MIN(SQRT((C52-C57)^2+(D52-D57)^2+(E52-E57)^2+(F52-F57)^2+(G52-G57)^2+(H52-H57)^2+(I52-I57)^2+(J52-J57)^2+(K52-K57)^2+(L52-L57)^2),SQRT((C52-C59)^2+(D52-D59)^2+(E52-E59)^2+(F52-F59)^2+(G52-G59)^2+(H52-H59)^2+(I52-I59)^2+(J52-J59)^2+(K52-K59)^2+(L52-L59)^2)),MIN(SQRT((C52-C57)^2+(D52-D57)^2+(E52-E57)^2+(F52-F57)^2+(G52-G57)^2+(H52-H57)^2+(I52-I57)^2+(J52-J57)^2+(K52-K57)^2+(L52-L57)^2),SQRT((C52-C58)^2+(D52-D58)^2+(E52-E58)^2+(F52-F58)^2+(G52-G58)^2+(H52-H58)^2+(I52-I58)^2+(J52-J58)^2+(K52-K58)^2+(L52-L58)^2)))) -> 1.7417013 | F82: =(E82-D82)/MAX(D82,E82) -> 0.59696482 | G82: =IF(F82>0.7,"Sangat Baik",IF(F82>0.5,"Baik",IF(F82>0.25,"Lemah","Salah Klaster"))) -> Baik
A83: =A53 -> 15 | B83: =B53 -> Puthuk Mongkrong | C83: =P53 -> 2 | D83: =IF(C83=1,SQRT((C53-C57)^2+(D53-D57)^2+(E53-E57)^2+(F53-F57)^2+(G53-G57)^2+(H53-H57)^2+(I53-I57)^2+(J53-J57)^2+(K53-K57)^2+(L53-L57)^2),IF(C83=2,SQRT((C53-C58)^2+(D53-D58)^2+(E53-E58)^2+(F53-F58)^2+(G53-G58)^2+(H53-H58)^2+(I53-I58)^2+(J53-J58)^2+(K53-K58)^2+(L53-L58)^2),SQRT((C53-C59)^2+(D53-D59)^2+(E53-E59)^2+(F53-F59)^2+(G53-G59)^2+(H53-H59)^2+(I53-I59)^2+(J53-J59)^2+(K53-K59)^2+(L53-L59)^2))) -> 0.98580706 | E83: =IF(C83=1,MIN(SQRT((C53-C58)^2+(D53-D58)^2+(E53-E58)^2+(F53-F58)^2+(G53-G58)^2+(H53-H58)^2+(I53-I58)^2+(J53-J58)^2+(K53-K58)^2+(L53-L58)^2),SQRT((C53-C59)^2+(D53-D59)^2+(E53-E59)^2+(F53-F59)^2+(G53-G59)^2+(H53-H59)^2+(I53-I59)^2+(J53-J59)^2+(K53-K59)^2+(L53-L59)^2)),IF(C83=2,MIN(SQRT((C53-C57)^2+(D53-D57)^2+(E53-E57)^2+(F53-F57)^2+(G53-G57)^2+(H53-H57)^2+(I53-I57)^2+(J53-J57)^2+(K53-K57)^2+(L53-L57)^2),SQRT((C53-C59)^2+(D53-D59)^2+(E53-E59)^2+(F53-F59)^2+(G53-G59)^2+(H53-H59)^2+(I53-I59)^2+(J53-J59)^2+(K53-K59)^2+(L53-L59)^2)),MIN(SQRT((C53-C57)^2+(D53-D57)^2+(E53-E57)^2+(F53-F57)^2+(G53-G57)^2+(H53-H57)^2+(I53-I57)^2+(J53-J57)^2+(K53-K57)^2+(L53-L57)^2),SQRT((C53-C58)^2+(D53-D58)^2+(E53-E58)^2+(F53-F58)^2+(G53-G58)^2+(H53-H58)^2+(I53-I58)^2+(J53-J58)^2+(K53-K58)^2+(L53-L58)^2)))) -> 1.2319128 | F83: =(E83-D83)/MAX(D83,E83) -> 0.19977526 | G83: =IF(F83>0.7,"Sangat Baik",IF(F83>0.5,"Baik",IF(F83>0.25,"Lemah","Salah Klaster"))) -> Salah Klaster
E84: Silhouette Coefficient (SC) = | F84: =AVERAGE(F69:F83) -> 0.50047582 | G84: =IF(F84>0.7,"Sangat Baik ✓",IF(F84>0.5,"Baik ✓",IF(F84>0.25,"Lemah","Buruk ✗"))) -> Baik ✓
A86: 2. DAVIES-BOULDIN INDEX (DBI) – Semakin KECIL semakin baik (DBI < 1 = baik)
A87: Formula: DBI = (1/K) Σᵢ maxⱼ≠ᵢ [ (σᵢ + σⱼ) / d(Cᵢ, Cⱼ) ] | σᵢ = avg intra-cluster dist klaster i | d(Cᵢ,Cⱼ) = jarak Euclidean antar centroid
A88: Klaster i | B88: σ_i (avg intra) | C88: vs Klaster j | D88: σ_j (avg intra) | E88: d(Ci,Cj) | F88: (σi+σj)/d | G88: R_ij max
A89: 1 | B89: =AVERAGEIF(C69:C83,1,D69:D83) -> 0 | C89: 2 | D89: =AVERAGEIF(C69:C83,2,D69:D83) -> 0.70609955 | E89: =SQRT((C57-C58)^2+(D57-D58)^2+(E57-E58)^2+(F57-F58)^2+(G57-G58)^2+(H57-H58)^2+(I57-I58)^2+(J57-J58)^2+(K57-K58)^2+(L57-L58)^2) -> 2.2517452 | F89: =(B89+D89)/E89 -> 0.31357879 | G89: =MAX(F89, (B89+AVERAGEIF(C$69:C$83,3,D$69:D$83))/SQRT((C$57-C$59)^2+(D$57-D$59)^2+(E$57-E$59)^2+(F$57-F$59)^2+(G$57-G$59)^2+(H$57-H$59)^2+(I$57-I$59)^2+(J$57-J$59)^2+(K$57-K$59)^2+(L$57-L$59)^2)) -> 0.40426324
A90: 2 | B90: =AVERAGEIF(C69:C83,2,D69:D83) -> 0.70609955 | C90: 3 | D90: =AVERAGEIF(C69:C83,3,D69:D83) -> 0.63875827 | E90: =SQRT((C58-C59)^2+(D58-D59)^2+(E58-E59)^2+(F58-F59)^2+(G58-G59)^2+(H58-H59)^2+(I58-I59)^2+(J58-J59)^2+(K58-K59)^2+(L58-L59)^2) -> 1.1828006 | F90: =(B90+D90)/E90 -> 1.1370115 | G90: =MAX(F90, (B90+AVERAGEIF(C$69:C$83,1,D$69:D$83))/SQRT((C$58-C$57)^2+(D$58-D$57)^2+(E$58-E$57)^2+(F$58-F$57)^2+(G$58-G$57)^2+(H$58-H$57)^2+(I$58-I$57)^2+(J$58-J$57)^2+(K$58-K$57)^2+(L$58-L$57)^2)) -> 1.1370115
A91: 3 | B91: =AVERAGEIF(C69:C83,3,D69:D83) -> 0.63875827 | C91: 1 | D91: =AVERAGEIF(C69:C83,1,D69:D83) -> 0 | E91: =SQRT((C59-C57)^2+(D59-D57)^2+(E59-E57)^2+(F59-F57)^2+(G59-G57)^2+(H59-H57)^2+(I59-I57)^2+(J59-J57)^2+(K59-K57)^2+(L59-L57)^2) -> 1.5800553 | F91: =(B91+D91)/E91 -> 0.40426324 | G91: =MAX(F91, (B91+AVERAGEIF(C$69:C$83,2,D$69:D$83))/SQRT((C$59-C$58)^2+(D$59-D$58)^2+(E$59-E$58)^2+(F$59-F$58)^2+(G$59-G$58)^2+(H$59-H$58)^2+(I$59-I$58)^2+(J$59-J$58)^2+(K$59-K$58)^2+(L$59-L$58)^2)) -> 1.1370115
F92: DBI = | G92: =AVERAGE(G89:G91) -> 0.89276206
A94: 3. CALINSKI-HARABASZ INDEX (CHI) – Semakin BESAR semakin baik
A95: Formula: CHI = [BCSS / (K-1)] / [WCSS / (N-K)] | BCSS = Between-Cluster SS | WCSS = Within-Cluster SS
A96: N (total titik) | C96: =COUNTA('1_Dataset'!A4:A18) -> 15
A97: K (klaster) | C97: =3 -> 3
A98: WCSS | C98: =C61 -> 6.9596061
A99: Grand Mean Lon_n | C99: =AVERAGE('2_Normalisasi'!C8:C22) -> 0.31112134
A100: Grand Mean Lat_n | C100: =AVERAGE('2_Normalisasi'!D8:D22) -> 0.28654733
A101: Grand Mean Visit_n | C101: =AVERAGE('2_Normalisasi'!E8:E22) -> 0.11876705
A102: Grand Mean Rating_n | C102: =AVERAGE('2_Normalisasi'!F8:F22) -> 0.47777778
A103: Grand Mean Akses_n | C103: =AVERAGE('2_Normalisasi'!G8:G22) -> 0.35555556
A104: Grand Mean Fas_n | C104: =AVERAGE('2_Normalisasi'!H8:H22) -> 0.33333333
A105: Grand Mean Alam_n | C105: =AVERAGE('2_Normalisasi'!I8:I22) -> 0.71111111
A106: Grand Mean Budaya_n | C106: =AVERAGE('2_Normalisasi'!J8:J22) -> 0.46666667
A107: Grand Mean Pend_n | C107: =AVERAGE('2_Normalisasi'!K8:K22) -> 0.11129944
A108: Grand Mean Trend_n | C108: =AVERAGE('2_Normalisasi'!L8:L22) -> 0.37279279
A109: BCSS (Between-Cluster SS) | C109: =COUNTIF(P39:P53,1)*((AVERAGEIF(P39:P53,1,C39:C53)-C99)^2+(AVERAGEIF(P39:P53,1,D39:D53)-C100)^2+(AVERAGEIF(P39:P53,1,E39:E53)-C101)^2+(AVERAGEIF(P39:P53,1,F39:F53)-C102)^2+(AVERAGEIF(P39:P53,1,G39:G53)-C103)^2+(AVERAGEIF(P39:P53,1,H39:H53)-C104)^2+(AVERAGEIF(P39:P53,1,I39:I53)-C105)^2+(AVERAGEIF(P39:P53,1,J39:J53)-C106)^2+(AVERAGEIF(P39:P53,1,K39:K53)-C107)^2+(AVERAGEIF(P39:P53,1,L39:L53)-C108)^2)+COUNTIF(P39:P53,2)*((AVERAGEIF(P39:P53,2,C39:C53)-C99)^2+(AVERAGEIF(P39:P53,2,D39:D53)-C100)^2+(AVERAGEIF(P39:P53,2,E39:E53)-C101)^2+(AVERAGEIF(P39:P53,2,F39:F53)-C102)^2+(AVERAGEIF(P39:P53,2,G39:G53)-C103)^2+(AVERAGEIF(P39:P53,2,H39:H53)-C104)^2+(AVERAGEIF(P39:P53,2,I39:I53)-C105)^2+(AVERAGEIF(P39:P53,2,J39:J53)-C106)^2+(AVERAGEIF(P39:P53,2,K39:K53)-C107)^2+(AVERAGEIF(P39:P53,2,L39:L53)-C108)^2)+COUNTIF(P39:P53,3)*((AVERAGEIF(P39:P53,3,C39:C53)-C99)^2+(AVERAGEIF(P39:P53,3,D39:D53)-C100)^2+(AVERAGEIF(P39:P53,3,E39:E53)-C101)^2+(AVERAGEIF(P39:P53,3,F39:F53)-C102)^2+(AVERAGEIF(P39:P53,3,G39:G53)-C103)^2+(AVERAGEIF(P39:P53,3,H39:H53)-C104)^2+(AVERAGEIF(P39:P53,3,I39:I53)-C105)^2+(AVERAGEIF(P39:P53,3,J39:J53)-C106)^2+(AVERAGEIF(P39:P53,3,K39:K53)-C107)^2+(AVERAGEIF(P39:P53,3,L39:L53)-C108)^2) -> 8.1796752
A110: CHI | C110: =(C109/(C97-1))/(C98/(C96-C97)) -> 7.0518432
A112: RINGKASAN EVALUASI MODEL K-MEANS++
A113: Metrik | B113: Nilai | C113: Threshold Baik | D113: Status | E113: Interpretasi
A114: Silhouette Coefficient (SC) | B114: =F84 -> 0.50047582 | C114: > 0.5 | D114: =IF(B114>0.5,"✓ Baik","✗ Perlu Perbaikan") -> ✓ Baik | E114: Mengukur seberapa mirip objek dengan klasternya vs klaster lain
A115: Davies-Bouldin Index (DBI) | B115: =G92 -> 0.89276206 | C115: < 1.0 | D115: =IF(B115<1,"✓ Baik","✗ Perlu Perbaikan") -> ✓ Baik | E115: Rasio avg dispersi intra-klaster terhadap jarak antar centroid
A116: Calinski-Harabasz Index (CHI) | B116: =C110 -> 7.0518432 | C116: > 100 | D116: =IF(B116>100,"✓ Baik","✗ Perlu Perbaikan") -> ✗ Perlu Perbaikan | E116: Rasio variance antar-klaster terhadap variance intra-klaster

Sheet 5_Konvergensi
A1: ANALISIS KONVERGENSI: PERGESERAN CENTROID PER ITERASI
A2: Konvergensi tercapai ketika pergeseran centroid < threshold (ε = 0.0001) atau jumlah iterasi maksimum tercapai
A4: Iterasi | B4: WCSS | C4: ΔC1 (shift) | D4: ΔC2 (shift) | E4: ΔC3 (shift) | F4: Δ Total Shift | G4: Status | H4: Klaster-1 (n) | I4: Klaster-2 (n) | J4: Klaster-3 (n)
A5: 0 | G5: Inisialisasi
A6: 1 | B6: ='4_Iterasi_KMeans++'!C33 -> 14.056938 | C6: 0 | D6: 0.702 | E6: 0.7252 | F6: =SQRT(C6^2+D6^2+E6^2) -> 1.0093161 | G6: Belum Konvergen | H6: =COUNTIF('4_Iterasi_KMeans++'!P11:P25,1) -> 1 | I6: =COUNTIF('4_Iterasi_KMeans++'!P11:P25,2) -> 8 | J6: =COUNTIF('4_Iterasi_KMeans++'!P11:P25,3) -> 6
A7: 2 | B7: ='4_Iterasi_KMeans++'!C61 -> 6.9596061 | C7: 0 | D7: 0 | E7: 0 | F7: =SQRT(C7^2+D7^2+E7^2) -> 0 | G7: ✓ KONVERGEN
A12: Threshold ε | B12: 0.0001

Sheet 6_Hasil_Klaster
A1: HASIL KLASTERISASI FINAL K-MEANS++ – KABUPATEN MAGELANG
A2: ID | B2: Nama Destinasi | C2: Klaster | D2: Label Klaster | E2: Kunjungan/Tahun | F2: Rating | G2: d(x,centroid) | H2: Skor Potensi | I2: Rekomendasi
A3: ='1_Dataset'!A4 -> 1 | B3: ='1_Dataset'!B4 -> Candi Borobudur | C3: ='4_Iterasi_KMeans++'!P11 -> 1 | D3: =IF(C3=1,"Klaster 1: Unggulan",IF(C3=2,"Klaster 2: Berkembang","Klaster 3: Potensial")) -> Klaster 1: Unggulan | E3: ='1_Dataset'!E4 -> 1250000 | F3: ='1_Dataset'!F4 -> 4.9 | G3: =IF(C3=1,'4_Iterasi_KMeans++'!M11,IF(C3=2,'4_Iterasi_KMeans++'!N11,'4_Iterasi_KMeans++'!O11)) -> 0 | H3: =('1_Dataset'!F4/5*0.25+'1_Dataset'!G4/5*0.15+'1_Dataset'!H4/5*0.1+'1_Dataset'!I4/5*0.2+'1_Dataset'!J4/5*0.15+MIN('1_Dataset'!K4,20000)/20000*0.15) -> 0.94375 | I3: =IF(C3=1,"Prioritas pengembangan infrastruktur & promosi",IF(C3=2,"Tingkatkan fasilitas & aksesibilitas","Eksplorasi & pengembangan awal")) -> Prioritas pengembangan infrastruktur & promosi
A4: ='1_Dataset'!A5 -> 2 | B4: ='1_Dataset'!B5 -> Punthuk Setumbu | C4: ='4_Iterasi_KMeans++'!P12 -> 3 | D4: =IF(C4=1,"Klaster 1: Unggulan",IF(C4=2,"Klaster 2: Berkembang","Klaster 3: Potensial")) -> Klaster 3: Potensial | E4: ='1_Dataset'!E5 -> 185000 | F4: ='1_Dataset'!F5 -> 4.7 | G4: =IF(C4=1,'4_Iterasi_KMeans++'!M12,IF(C4=2,'4_Iterasi_KMeans++'!N12,'4_Iterasi_KMeans++'!O12)) -> 1.4634378 | H4: =('1_Dataset'!F5/5*0.25+'1_Dataset'!G5/5*0.15+'1_Dataset'!H5/5*0.1+'1_Dataset'!I5/5*0.2+'1_Dataset'!J5/5*0.15+MIN('1_Dataset'!K5,20000)/20000*0.15) -> 0.726 | I4: =IF(C4=1,"Prioritas pengembangan infrastruktur & promosi",IF(C4=2,"Tingkatkan fasilitas & aksesibilitas","Eksplorasi & pengembangan awal")) -> Eksplorasi & pengembangan awal
A5: ='1_Dataset'!A6 -> 3 | B5: ='1_Dataset'!B6 -> Candi Pawon | C5: ='4_Iterasi_KMeans++'!P13 -> 3 | D5: =IF(C5=1,"Klaster 1: Unggulan",IF(C5=2,"Klaster 2: Berkembang","Klaster 3: Potensial")) -> Klaster 3: Potensial | E5: ='1_Dataset'!E6 -> 95000 | F5: ='1_Dataset'!F6 -> 4.2 | G5: =IF(C5=1,'4_Iterasi_KMeans++'!M13,IF(C5=2,'4_Iterasi_KMeans++'!N13,'4_Iterasi_KMeans++'!O13)) -> 0.60462082 | H5: =('1_Dataset'!F6/5*0.25+'1_Dataset'!G6/5*0.15+'1_Dataset'!H6/5*0.1+'1_Dataset'!I6/5*0.2+'1_Dataset'!J6/5*0.15+MIN('1_Dataset'!K6,20000)/20000*0.15) -> 0.666375 | I5: =IF(C5=1,"Prioritas pengembangan infrastruktur & promosi",IF(C5=2,"Tingkatkan fasilitas & aksesibilitas","Eksplorasi & pengembangan awal")) -> Eksplorasi & pengembangan awal
A6: ='1_Dataset'!A7 -> 4 | B6: ='1_Dataset'!B7 -> Candi Mendut | C6: ='4_Iterasi_KMeans++'!P14 -> 3 | D6: =IF(C6=1,"Klaster 1: Unggulan",IF(C6=2,"Klaster 2: Berkembang","Klaster 3: Potensial")) -> Klaster 3: Potensial | E6: ='1_Dataset'!E7 -> 125000 | F6: ='1_Dataset'!F7 -> 4.3 | G6: =IF(C6=1,'4_Iterasi_KMeans++'!M14,IF(C6=2,'4_Iterasi_KMeans++'!N14,'4_Iterasi_KMeans++'!O14)) -> 0.55530056 | H6: =('1_Dataset'!F7/5*0.25+'1_Dataset'!G7/5*0.15+'1_Dataset'!H7/5*0.1+'1_Dataset'!I7/5*0.2+'1_Dataset'!J7/5*0.15+MIN('1_Dataset'!K7,20000)/20000*0.15) -> 0.694 | I6: =IF(C6=1,"Prioritas pengembangan infrastruktur & promosi",IF(C6=2,"Tingkatkan fasilitas & aksesibilitas","Eksplorasi & pengembangan awal")) -> Eksplorasi & pengembangan awal
A7: ='1_Dataset'!A8 -> 5 | B7: ='1_Dataset'!B8 -> Ketep Pass | C7: ='4_Iterasi_KMeans++'!P15 -> 2 | D7: =IF(C7=1,"Klaster 1: Unggulan",IF(C7=2,"Klaster 2: Berkembang","Klaster 3: Potensial")) -> Klaster 2: Berkembang | E7: ='1_Dataset'!E8 -> 210000 | F7: ='1_Dataset'!F8 -> 4.5 | G7: =IF(C7=1,'4_Iterasi_KMeans++'!M15,IF(C7=2,'4_Iterasi_KMeans++'!N15,'4_Iterasi_KMeans++'!O15)) -> 1.3955546 | H7: =('1_Dataset'!F8/5*0.25+'1_Dataset'!G8/5*0.15+'1_Dataset'!H8/5*0.1+'1_Dataset'!I8/5*0.2+'1_Dataset'!J8/5*0.15+MIN('1_Dataset'!K8,20000)/20000*0.15) -> 0.70825 | I7: =IF(C7=1,"Prioritas pengembangan infrastruktur & promosi",IF(C7=2,"Tingkatkan fasilitas & aksesibilitas","Eksplorasi & pengembangan awal")) -> Tingkatkan fasilitas & aksesibilitas
A8: ='1_Dataset'!A9 -> 6 | B8: ='1_Dataset'!B9 -> Kopeng | C8: ='4_Iterasi_KMeans++'!P16 -> 2 | D8: =IF(C8=1,"Klaster 1: Unggulan",IF(C8=2,"Klaster 2: Berkembang","Klaster 3: Potensial")) -> Klaster 2: Berkembang | E8: ='1_Dataset'!E9 -> 98000 | F8: ='1_Dataset'!F9 -> 3.8 | G8: =IF(C8=1,'4_Iterasi_KMeans++'!M16,IF(C8=2,'4_Iterasi_KMeans++'!N16,'4_Iterasi_KMeans++'!O16)) -> 0.78984009 | H8: =('1_Dataset'!F9/5*0.25+'1_Dataset'!G9/5*0.15+'1_Dataset'!H9/5*0.1+'1_Dataset'!I9/5*0.2+'1_Dataset'!J9/5*0.15+MIN('1_Dataset'!K9,20000)/20000*0.15) -> 0.56585 | I8: =IF(C8=1,"Prioritas pengembangan infrastruktur & promosi",IF(C8=2,"Tingkatkan fasilitas & aksesibilitas","Eksplorasi & pengembangan awal")) -> Tingkatkan fasilitas & aksesibilitas
A9: ='1_Dataset'!A10 -> 7 | B9: ='1_Dataset'!B10 -> Air Terjun Kedung Kayang | C9: ='4_Iterasi_KMeans++'!P17 -> 2 | D9: =IF(C9=1,"Klaster 1: Unggulan",IF(C9=2,"Klaster 2: Berkembang","Klaster 3: Potensial")) -> Klaster 2: Berkembang | E9: ='1_Dataset'!E10 -> 42000 | F9: ='1_Dataset'!F10 -> 4.4 | G9: =IF(C9=1,'4_Iterasi_KMeans++'!M17,IF(C9=2,'4_Iterasi_KMeans++'!N17,'4_Iterasi_KMeans++'!O17)) -> 1.015445 | H9: =('1_Dataset'!F10/5*0.25+'1_Dataset'!G10/5*0.15+'1_Dataset'!H10/5*0.1+'1_Dataset'!I10/5*0.2+'1_Dataset'!J10/5*0.15+MIN('1_Dataset'!K10,20000)/20000*0.15) -> 0.5824 | I9: =IF(C9=1,"Prioritas pengembangan infrastruktur & promosi",IF(C9=2,"Tingkatkan fasilitas & aksesibilitas","Eksplorasi & pengembangan awal")) -> Tingkatkan fasilitas & aksesibilitas
A10: ='1_Dataset'!A11 -> 8 | B10: ='1_Dataset'!B11 -> Telaga Bleder | C10: ='4_Iterasi_KMeans++'!P18 -> 2 | D10: =IF(C10=1,"Klaster 1: Unggulan",IF(C10=2,"Klaster 2: Berkembang","Klaster 3: Potensial")) -> Klaster 2: Berkembang | E10: ='1_Dataset'!E11 -> 35000 | F10: ='1_Dataset'!F11 -> 3.9 | G10: =IF(C10=1,'4_Iterasi_KMeans++'!M18,IF(C10=2,'4_Iterasi_KMeans++'!N18,'4_Iterasi_KMeans++'!O18)) -> 0.7342249 | H10: =('1_Dataset'!F11/5*0.25+'1_Dataset'!G11/5*0.15+'1_Dataset'!H11/5*0.1+'1_Dataset'!I11/5*0.2+'1_Dataset'!J11/5*0.15+MIN('1_Dataset'!K11,20000)/20000*0.15) -> 0.5171 | I10: =IF(C10=1,"Prioritas pengembangan infrastruktur & promosi",IF(C10=2,"Tingkatkan fasilitas & aksesibilitas","Eksplorasi & pengembangan awal")) -> Tingkatkan fasilitas & aksesibilitas
A11: ='1_Dataset'!A12 -> 9 | B11: ='1_Dataset'!B12 -> Bukit Rhema (Gereja Ayam) | C11: ='4_Iterasi_KMeans++'!P19 -> 3 | D11: =IF(C11=1,"Klaster 1: Unggulan",IF(C11=2,"Klaster 2: Berkembang","Klaster 3: Potensial")) -> Klaster 3: Potensial | E11: ='1_Dataset'!E12 -> 165000 | F11: ='1_Dataset'!F12 -> 4.6 | G11: =IF(C11=1,'4_Iterasi_KMeans++'!M19,IF(C11=2,'4_Iterasi_KMeans++'!N19,'4_Iterasi_KMeans++'!O19)) -> 1.4108226 | H11: =('1_Dataset'!F12/5*0.25+'1_Dataset'!G12/5*0.15+'1_Dataset'!H12/5*0.1+'1_Dataset'!I12/5*0.2+'1_Dataset'!J12/5*0.15+MIN('1_Dataset'!K12,20000)/20000*0.15) -> 0.67575 | I11: =IF(C11=1,"Prioritas pengembangan infrastruktur & promosi",IF(C11=2,"Tingkatkan fasilitas & aksesibilitas","Eksplorasi & pengembangan awal")) -> Eksplorasi & pengembangan awal
A12: ='1_Dataset'!A13 -> 10 | B12: ='1_Dataset'!B13 -> Sawah Sukomakmur | C12: ='4_Iterasi_KMeans++'!P20 -> 2 | D12: =IF(C12=1,"Klaster 1: Unggulan",IF(C12=2,"Klaster 2: Berkembang","Klaster 3: Potensial")) -> Klaster 2: Berkembang | E12: ='1_Dataset'!E13 -> 28000 | F12: ='1_Dataset'!F13 -> 4.1 | G12: =IF(C12=1,'4_Iterasi_KMeans++'!M20,IF(C12=2,'4_Iterasi_KMeans++'!N20,'4_Iterasi_KMeans++'!O20)) -> 1.169257 | H12: =('1_Dataset'!F13/5*0.25+'1_Dataset'!G13/5*0.15+'1_Dataset'!H13/5*0.1+'1_Dataset'!I13/5*0.2+'1_Dataset'!J13/5*0.15+MIN('1_Dataset'!K13,20000)/20000*0.15) -> 0.596575 | I12: =IF(C12=1,"Prioritas pengembangan infrastruktur & promosi",IF(C12=2,"Tingkatkan fasilitas & aksesibilitas","Eksplorasi & pengembangan awal")) -> Tingkatkan fasilitas & aksesibilitas
A13: ='1_Dataset'!A14 -> 11 | B13: ='1_Dataset'!B14 -> Museum Karmawibhangga | C13: ='4_Iterasi_KMeans++'!P21 -> 3 | D13: =IF(C13=1,"Klaster 1: Unggulan",IF(C13=2,"Klaster 2: Berkembang","Klaster 3: Potensial")) -> Klaster 3: Potensial | E13: ='1_Dataset'!E14 -> 87000 | F13: ='1_Dataset'!F14 -> 4 | G13: =IF(C13=1,'4_Iterasi_KMeans++'!M21,IF(C13=2,'4_Iterasi_KMeans++'!N21,'4_Iterasi_KMeans++'!O21)) -> 0 | H13: =('1_Dataset'!F14/5*0.25+'1_Dataset'!G14/5*0.15+'1_Dataset'!H14/5*0.1+'1_Dataset'!I14/5*0.2+'1_Dataset'!J14/5*0.15+MIN('1_Dataset'!K14,20000)/20000*0.15) -> 0.664875 | I13: =IF(C13=1,"Prioritas pengembangan infrastruktur & promosi",IF(C13=2,"Tingkatkan fasilitas & aksesibilitas","Eksplorasi & pengembangan awal")) -> Eksplorasi & pengembangan awal
A14: ='1_Dataset'!A15 -> 12 | B14: ='1_Dataset'!B15 -> Taman Kyai Langgeng | C14: ='4_Iterasi_KMeans++'!P22 -> 3 | D14: =IF(C14=1,"Klaster 1: Unggulan",IF(C14=2,"Klaster 2: Berkembang","Klaster 3: Potensial")) -> Klaster 3: Potensial | E14: ='1_Dataset'!E15 -> 145000 | F14: ='1_Dataset'!F15 -> 3.7 | G14: =IF(C14=1,'4_Iterasi_KMeans++'!M22,IF(C14=2,'4_Iterasi_KMeans++'!N22,'4_Iterasi_KMeans++'!O22)) -> 1.0241689 | H14: =('1_Dataset'!F15/5*0.25+'1_Dataset'!G15/5*0.15+'1_Dataset'!H15/5*0.1+'1_Dataset'!I15/5*0.2+'1_Dataset'!J15/5*0.15+MIN('1_Dataset'!K15,20000)/20000*0.15) -> 0.608875 | I14: =IF(C14=1,"Prioritas pengembangan infrastruktur & promosi",IF(C14=2,"Tingkatkan fasilitas & aksesibilitas","Eksplorasi & pengembangan awal")) -> Eksplorasi & pengembangan awal
... A17: ='1_Dataset'!A18 -> 15 | B17: ='1_Dataset'!B18 -> Puthuk Mongkrong | C17: ='4_Iterasi_KMeans++'!P25 -> 2 | D17: =IF(C17=1,"Klaster 1: Unggulan",IF(C17=2,"Klaster 2: Berkembang","Klaster 3: Potensial")) -> Klaster 2: Berkembang | E17: ='1_Dataset'!E18 -> 45000 | F17: ='1_Dataset'!F18 -> 4.3 | G17: =IF(C17=1,'4_Iterasi_KMeans++'!M25,IF(C17=2,'4_Iterasi_KMeans++'!N25,'4_Iterasi_KMeans++'!O25)) -> 1.560087 | H17: =('1_Dataset'!F18/5*0.25+'1_Dataset'!G18/5*0.15+'1_Dataset'!H18/5*0.1+'1_Dataset'!I18/5*0.2+'1_Dataset'!J18/5*0.15+MIN('1_Dataset'!K18,20000)/20000*0.15) -> 0.63785 | I17: =IF(C17=1,"Prioritas pengembangan infrastruktur & promosi",IF(C17=2,"Tingkatkan fasilitas & aksesibilitas","Eksplorasi & pengembangan awal")) -> Tingkatkan fasilitas & aksesibilitas

Sheet 7_Evaluasi_Metrik
A1: EVALUASI MODEL: SILHOUETTE COEFFICIENT | DAVIES-BOULDIN INDEX | CALINSKI-HARABASZ INDEX
A3: 1. SILHOUETTE COEFFICIENT (SC) – Kisaran: [-1, +1] | Semakin tinggi semakin baik
A4: Formula: s(i) = (b(i) - a(i)) / max(a(i), b(i)) | a(i) = rata-rata jarak intra-klaster | b(i) = rata-rata jarak terdekat ke klaster lain
A5: ID | B5: Nama | C5: Klaster | D5: a(i) Intra | E5: b(i) Inter | F5: s(i) Silhouette | G5: Interpretasi
A6: 1 | B6: Candi Borobudur | C6: ='4_Iterasi_KMeans++'!C69 -> 1 | D6: ='4_Iterasi_KMeans++'!D69 -> 0 | E6: ='4_Iterasi_KMeans++'!E69 -> 1.5800553 | F6: =(E6-D6)/MAX(D6,E6) -> 1 | G6: =IF(F6>0.7,"Sangat Baik",IF(F6>0.5,"Baik",IF(F6>0.25,"Lemah","Salah Klaster"))) -> Sangat Baik
A7: 2 | B7: Punthuk Setumbu | C7: ='4_Iterasi_KMeans++'!C70 -> 3 | D7: ='4_Iterasi_KMeans++'!D70 -> 0.77519018 | E7: ='4_Iterasi_KMeans++'!E70 -> 1.0050162 | F7: =(E7-D7)/MAX(D7,E7) -> 0.22867895 | G7: =IF(F7>0.7,"Sangat Baik",IF(F7>0.5,"Baik",IF(F7>0.25,"Lemah","Salah Klaster"))) -> Salah Klaster
A8: 3 | B8: Candi Pawon | C8: ='4_Iterasi_KMeans++'!C71 -> 3 | D8: ='4_Iterasi_KMeans++'!D71 -> 0.36278019 | E8: ='4_Iterasi_KMeans++'!E71 -> 1.403595 | F8: =(E8-D8)/MAX(D8,E8) -> 0.74153499 | G8: =IF(F8>0.7,"Sangat Baik",IF(F8>0.5,"Baik",IF(F8>0.25,"Lemah","Salah Klaster"))) -> Sangat Baik
A9: 4 | B9: Candi Mendut | C9: ='4_Iterasi_KMeans++'!C72 -> 3 | D9: ='4_Iterasi_KMeans++'!D72 -> 0.34478079 | E9: ='4_Iterasi_KMeans++'!E72 -> 1.4476874 | F9: =(E9-D9)/MAX(D9,E9) -> 0.76184031 | G9: =IF(F9>0.7,"Sangat Baik",IF(F9>0.5,"Baik",IF(F9>0.25,"Lemah","Salah Klaster"))) -> Sangat Baik
A10: 5 | B10: Ketep Pass | C10: ='4_Iterasi_KMeans++'!C73 -> 2 | D10: ='4_Iterasi_KMeans++'!D73 -> 0.82773777 | E10: ='4_Iterasi_KMeans++'!E73 -> 0.84566052 | F10: =(E10-D10)/MAX(D10,E10) -> 0.02119379 | G10: =IF(F10>0.7,"Sangat Baik",IF(F10>0.5,"Baik",IF(F10>0.25,"Lemah","Salah Klaster"))) -> Salah Klaster
A11: 6 | B11: Kopeng | C11: ='4_Iterasi_KMeans++'!C74 -> 2 | D11: ='4_Iterasi_KMeans++'!D74 -> 0.93113714 | E11: ='4_Iterasi_KMeans++'!E74 -> 1.5146218 | F11: =(E11-D11)/MAX(D11,E11) -> 0.38523455 | G11: =IF(F11>0.7,"Sangat Baik",IF(F11>0.5,"Baik",IF(F11>0.25,"Lemah","Salah Klaster"))) -> Lemah
A12: 7 | B12: Air Terjun Kedung Kayang | C12: ='4_Iterasi_KMeans++'!C75 -> 2 | D12: ='4_Iterasi_KMeans++'!D75 -> 0.44809596 | E12: ='4_Iterasi_KMeans++'!E75 -> 1.3009662 | F12: =(E12-D12)/MAX(D12,E12) -> 0.65556679 | G12: =IF(F12>0.7,"Sangat Baik",IF(F12>0.5,"Baik",IF(F12>0.25,"Lemah","Salah Klaster"))) -> Baik
A13: 8 | B13: Telaga Bleder | C13: ='4_Iterasi_KMeans++'!C76 -> 2 | D13: ='4_Iterasi_KMeans++'!D76 -> 0.51589915 | E13: ='4_Iterasi_KMeans++'!E76 -> 1.3453149 | F13: =(E13-D13)/MAX(D13,E13) -> 0.61652164 | G13: =IF(F13>0.7,"Sangat Baik",IF(F13>0.5,"Baik",IF(F13>0.25,"Lemah","Salah Klaster"))) -> Baik
A14: 9 | B14: Bukit Rhema | C14: ='4_Iterasi_KMeans++'!C77 -> 3 | D14: ='4_Iterasi_KMeans++'!D77 -> 0.77581573 | E14: ='4_Iterasi_KMeans++'!E77 -> 1.0417203 | F14: =(E14-D14)/MAX(D14,E14) -> 0.25525524 | G14: =IF(F14>0.7,"Sangat Baik",IF(F14>0.5,"Baik",IF(F14>0.25,"Lemah","Salah Klaster"))) -> Lemah
A15: 10 | B15: Sawah Sukomakmur | C15: ='4_Iterasi_KMeans++'!C78 -> 2 | D15: ='4_Iterasi_KMeans++'!D78 -> 0.54919202 | E15: ='4_Iterasi_KMeans++'!E78 -> 1.1544964 | F15: =(E15-D15)/MAX(D15,E15) -> 0.52430165 | G15: =IF(F15>0.7,"Sangat Baik",IF(F15>0.5,"Baik",IF(F15>0.25,"Lemah","Salah Klaster"))) -> Baik
A16: 11 | B16: Museum Karmawibhangga | C16: ='4_Iterasi_KMeans++'!C79 -> 3 | D16: ='4_Iterasi_KMeans++'!D79 -> 0.72517484 | E16: ='4_Iterasi_KMeans++'!E79 -> 1.7333118 | F16: =(E16-D16)/MAX(D16,E16) -> 0.58162471 | G16: =IF(F16>0.7,"Sangat Baik",IF(F16>0.5,"Baik",IF(F16>0.25,"Lemah","Salah Klaster"))) -> Baik
A17: 12 | B17: Taman Kyai Langgeng | C17: ='4_Iterasi_KMeans++'!C80 -> 3 | D17: ='4_Iterasi_KMeans++'!D80 -> 0.8488079 | E17: ='4_Iterasi_KMeans++'!E80 -> 1.2720468 | F17: =(E17-D17)/MAX(D17,E17) -> 0.33272273 | G17: =IF(F17>0.7,"Sangat Baik",IF(F17>0.5,"Baik",IF(F17>0.25,"Lemah","Salah Klaster"))) -> Lemah
... A20: 15 | B20: Puthuk Mongkrong | C20: ='4_Iterasi_KMeans++'!C83 -> 2 | D20: ='4_Iterasi_KMeans++'!D83 -> 0.98580706 | E20: ='4_Iterasi_KMeans++'!E83 -> 1.2319128 | F20: =(E20-D20)/MAX(D20,E20) -> 0.19977526 | G20: =IF(F20>0.7,"Sangat Baik",IF(F20>0.5,"Baik",IF(F20>0.25,"Lemah","Salah Klaster"))) -> Salah Klaster
E22: Silhouette Coefficient (SC) = | F22: =AVERAGE(F6:F20) -> 0.50047582 | G22: =IF(F22>0.7,"Sangat Baik ✓",IF(F22>0.5,"Baik ✓",IF(F22>0.25,"Lemah","Buruk ✗"))) -> Baik ✓
A24: 2. DAVIES-BOULDIN INDEX (DBI) – Semakin KECIL semakin baik (DBI < 1 = baik)
A25: Formula: DBI = (1/K) Σᵢ maxⱼ≠ᵢ [ (σᵢ + σⱼ) / d(Cᵢ, Cⱼ) ] | σᵢ = rata-rata jarak titik ke centroid klaster i | R_ij max = nilai tertinggi per klaster i
A26: Klaster i | B26: σ_i (avg intra) | C26: vs Klaster j | D26: σ_j (avg intra) | E26: d(Ci,Cj) | F26: (σi+σj)/d | G26: R_ij max
A27: 1 | B27: ='4_Iterasi_KMeans++'!B89 -> 0 | C27: 2 | D27: ='4_Iterasi_KMeans++'!D89 -> 0.70609955 | E27: =SQRT(('4_Iterasi_KMeans++'!C29-'4_Iterasi_KMeans++'!C30)^2+('4_Iterasi_KMeans++'!D29-'4_Iterasi_KMeans++'!D30)^2+('4_Iterasi_KMeans++'!E29-'4_Iterasi_KMeans++'!E30)^2+('4_Iterasi_KMeans++'!F29-'4_Iterasi_KMeans++'!F30)^2+('4_Iterasi_KMeans++'!G29-'4_Iterasi_KMeans++'!G30)^2+('4_Iterasi_KMeans++'!H29-'4_Iterasi_KMeans++'!H30)^2+('4_Iterasi_KMeans++'!I29-'4_Iterasi_KMeans++'!I30)^2+('4_Iterasi_KMeans++'!J29-'4_Iterasi_KMeans++'!J30)^2+('4_Iterasi_KMeans++'!K29-'4_Iterasi_KMeans++'!K30)^2+('4_Iterasi_KMeans++'!L29-'4_Iterasi_KMeans++'!L30)^2) -> 2.2517452 | F27: =(B27+D27)/E27 -> 0.31357879 | G27: ='4_Iterasi_KMeans++'!G89 -> 0.40426324
A28: 2 | B28: ='4_Iterasi_KMeans++'!B90 -> 0.70609955 | C28: 3 | D28: ='4_Iterasi_KMeans++'!D90 -> 0.63875827 | E28: =SQRT(('4_Iterasi_KMeans++'!C30-'4_Iterasi_KMeans++'!C31)^2+('4_Iterasi_KMeans++'!D30-'4_Iterasi_KMeans++'!D31)^2+('4_Iterasi_KMeans++'!E30-'4_Iterasi_KMeans++'!E31)^2+('4_Iterasi_KMeans++'!F30-'4_Iterasi_KMeans++'!F31)^2+('4_Iterasi_KMeans++'!G30-'4_Iterasi_KMeans++'!G31)^2+('4_Iterasi_KMeans++'!H30-'4_Iterasi_KMeans++'!H31)^2+('4_Iterasi_KMeans++'!I30-'4_Iterasi_KMeans++'!I31)^2+('4_Iterasi_KMeans++'!J30-'4_Iterasi_KMeans++'!J31)^2+('4_Iterasi_KMeans++'!K30-'4_Iterasi_KMeans++'!K31)^2+('4_Iterasi_KMeans++'!L30-'4_Iterasi_KMeans++'!L31)^2) -> 1.1828006 | F28: =(B28+D28)/E28 -> 1.1370115 | G28: ='4_Iterasi_KMeans++'!G90 -> 1.1370115
A29: 3 | B29: ='4_Iterasi_KMeans++'!B91 -> 0.63875827 | C29: 1 | D29: ='4_Iterasi_KMeans++'!D91 -> 0 | E29: =SQRT(('4_Iterasi_KMeans++'!C31-'4_Iterasi_KMeans++'!C29)^2+('4_Iterasi_KMeans++'!D31-'4_Iterasi_KMeans++'!D29)^2+('4_Iterasi_KMeans++'!E31-'4_Iterasi_KMeans++'!E29)^2+('4_Iterasi_KMeans++'!F31-'4_Iterasi_KMeans++'!F29)^2+('4_Iterasi_KMeans++'!G31-'4_Iterasi_KMeans++'!G29)^2+('4_Iterasi_KMeans++'!H31-'4_Iterasi_KMeans++'!H29)^2+('4_Iterasi_KMeans++'!I31-'4_Iterasi_KMeans++'!I29)^2+('4_Iterasi_KMeans++'!J31-'4_Iterasi_KMeans++'!J29)^2+('4_Iterasi_KMeans++'!K31-'4_Iterasi_KMeans++'!K29)^2+('4_Iterasi_KMeans++'!L31-'4_Iterasi_KMeans++'!L29)^2) -> 1.5800553 | F29: =(B29+D29)/E29 -> 0.40426324 | G29: ='4_Iterasi_KMeans++'!G91 -> 1.1370115
F31: DBI = | G31: =AVERAGE(G27:G29) -> 0.89276206
A33: 3. CALINSKI-HARABASZ INDEX (CHI) – Semakin BESAR semakin baik
A34: Formula: CHI = [BCSS / (K-1)] / [WCSS / (N-K)] | BCSS = Between-Cluster SS | WCSS = Within-Cluster SS | N = total titik, K = klaster
A36: N (total titik) | C36: =COUNTA('1_Dataset'!A4:A18) -> 15
A37: K (klaster) | C37: =3 -> 3
A38: WCSS | C38: ='4_Iterasi_KMeans++'!C61 -> 6.9596061
A39: Grand Mean Lon_n | C39: =AVERAGE('2_Normalisasi'!C8:C22) -> 0.31112134
A40: Grand Mean Lat_n | C40: =AVERAGE('2_Normalisasi'!D8:D22) -> 0.28654733
A41: Grand Mean Visit_n | C41: =AVERAGE('2_Normalisasi'!E8:E22) -> 0.11876705
A42: Grand Mean Rating_n | C42: =AVERAGE('2_Normalisasi'!F8:F22) -> 0.47777778
A43: BCSS (Between-Cluster SS) | C43: =COUNTIF('4_Iterasi_KMeans++'!P11:P25,1)*((AVERAGEIF('4_Iterasi_KMeans++'!P11:P25,1,'2_Normalisasi'!C8:C22)-AVERAGE('2_Normalisasi'!C8:C22))^2+(AVERAGEIF('4_Iterasi_KMeans++'!P11:P25,1,'2_Normalisasi'!D8:D22)-AVERAGE('2_Normalisasi'!D8:D22))^2+(AVERAGEIF('4_Iterasi_KMeans++'!P11:P25,1,'2_Normalisasi'!E8:E22)-AVERAGE('2_Normalisasi'!E8:E22))^2+(AVERAGEIF('4_Iterasi_KMeans++'!P11:P25,1,'2_Normalisasi'!F8:F22)-AVERAGE('2_Normalisasi'!F8:F22))^2+(AVERAGEIF('4_Iterasi_KMeans++'!P11:P25,1,'2_Normalisasi'!G8:G22)-AVERAGE('2_Normalisasi'!G8:G22))^2+(AVERAGEIF('4_Iterasi_KMeans++'!P11:P25,1,'2_Normalisasi'!H8:H22)-AVERAGE('2_Normalisasi'!H8:H22))^2+(AVERAGEIF('4_Iterasi_KMeans++'!P11:P25,1,'2_Normalisasi'!I8:I22)-AVERAGE('2_Normalisasi'!I8:I22))^2+(AVERAGEIF('4_Iterasi_KMeans++'!P11:P25,1,'2_Normalisasi'!J8:J22)-AVERAGE('2_Normalisasi'!J8:J22))^2+(AVERAGEIF('4_Iterasi_KMeans++'!P11:P25,1,'2_Normalisasi'!K8:K22)-AVERAGE('2_Normalisasi'!K8:K22))^2+(AVERAGEIF('4_Iterasi_KMeans++'!P11:P25,1,'2_Normalisasi'!L8:L22)-AVERAGE('2_Normalisasi'!L8:L22))^2)+COUNTIF('4_Iterasi_KMeans++'!P11:P25,2)*((AVERAGEIF('4_Iterasi_KMeans++'!P11:P25,2,'2_Normalisasi'!C8:C22)-AVERAGE('2_Normalisasi'!C8:C22))^2+(AVERAGEIF('4_Iterasi_KMeans++'!P11:P25,2,'2_Normalisasi'!D8:D22)-AVERAGE('2_Normalisasi'!D8:D22))^2+(AVERAGEIF('4_Iterasi_KMeans++'!P11:P25,2,'2_Normalisasi'!E8:E22)-AVERAGE('2_Normalisasi'!E8:E22))^2+(AVERAGEIF('4_Iterasi_KMeans++'!P11:P25,2,'2_Normalisasi'!F8:F22)-AVERAGE('2_Normalisasi'!F8:F22))^2+(AVERAGEIF('4_Iterasi_KMeans++'!P11:P25,2,'2_Normalisasi'!G8:G22)-AVERAGE('2_Normalisasi'!G8:G22))^2+(AVERAGEIF('4_Iterasi_KMeans++'!P11:P25,2,'2_Normalisasi'!H8:H22)-AVERAGE('2_Normalisasi'!H8:H22))^2+(AVERAGEIF('4_Iterasi_KMeans++'!P11:P25,2,'2_Normalisasi'!I8:I22)-AVERAGE('2_Normalisasi'!I8:I22))^2+(AVERAGEIF('4_Iterasi_KMeans++'!P11:P25,2,'2_Normalisasi'!J8:J22)-AVERAGE('2_Normalisasi'!J8:J22))^2+(AVERAGEIF('4_Iterasi_KMeans++'!P11:P25,2,'2_Normalisasi'!K8:K22)-AVERAGE('2_Normalisasi'!K8:K22))^2+(AVERAGEIF('4_Iterasi_KMeans++'!P11:P25,2,'2_Normalisasi'!L8:L22)-AVERAGE('2_Normalisasi'!L8:L22))^2)+COUNTIF('4_Iterasi_KMeans++'!P11:P25,3)*((AVERAGEIF('4_Iterasi_KMeans++'!P11:P25,3,'2_Normalisasi'!C8:C22)-AVERAGE('2_Normalisasi'!C8:C22))^2+(AVERAGEIF('4_Iterasi_KMeans++'!P11:P25,3,'2_Normalisasi'!D8:D22)-AVERAGE('2_Normalisasi'!D8:D22))^2+(AVERAGEIF('4_Iterasi_KMeans++'!P11:P25,3,'2_Normalisasi'!E8:E22)-AVERAGE('2_Normalisasi'!E8:E22))^2+(AVERAGEIF('4_Iterasi_KMeans++'!P11:P25,3,'2_Normalisasi'!F8:F22)-AVERAGE('2_Normalisasi'!F8:F22))^2+(AVERAGEIF('4_Iterasi_KMeans++'!P11:P25,3,'2_Normalisasi'!G8:G22)-AVERAGE('2_Normalisasi'!G8:G22))^2+(AVERAGEIF('4_Iterasi_KMeans++'!P11:P25,3,'2_Normalisasi'!H8:H22)-AVERAGE('2_Normalisasi'!H8:H22))^2+(AVERAGEIF('4_Iterasi_KMeans++'!P11:P25,3,'2_Normalisasi'!I8:I22)-AVERAGE('2_Normalisasi'!I8:I22))^2+(AVERAGEIF('4_Iterasi_KMeans++'!P11:P25,3,'2_Normalisasi'!J8:J22)-AVERAGE('2_Normalisasi'!J8:J22))^2+(AVERAGEIF('4_Iterasi_KMeans++'!P11:P25,3,'2_Normalisasi'!K8:K22)-AVERAGE('2_Normalisasi'!K8:K22))^2+(AVERAGEIF('4_Iterasi_KMeans++'!P11:P25,3,'2_Normalisasi'!L8:L22)-AVERAGE('2_Normalisasi'!L8:L22))^2) -> 8.1796752
A44: CHI | C44: =(C43/(C37-1))/(C38/(C36-C37)) -> 7.0518432
A45: RINGKASAN EVALUASI MODEL K-MEANS++
A46: Metrik | B46: Nilai | C46: Threshold Baik | D46: Status | E46: Interpretasi
A47: Silhouette Coefficient (SC) | B47: =F22 -> 0.50047582 | C47: > 0.5 | D47: =IF(B47>0.5,"✓ Baik","✗ Perlu Perbaikan") -> ✓ Baik | E47: Mengukur seberapa mirip objek dengan klasternya vs klaster lain
A48: Davies-Bouldin Index (DBI) | B48: =G31 -> 0.89276206 | C48: < 1.0 | D48: =IF(B48<1,"✓ Baik","✗ Perlu Perbaikan") -> ✓ Baik | E48: Rasio avg dispersi intra-klaster terhadap jarak antar centroid
A49: Calinski-Harabasz Index (CHI) | B49: =C44 -> 7.0518432 | C49: > 100 | D49: =IF(B49>100,"✓ Baik","✗ Perlu Perbaikan") -> ✗ Perlu Perbaikan | E49: Rasio variance antar-klaster terhadap variance intra-klaster

Sheet 8_Spatio_Temporal
A1: ANALISIS SPATIO-TEMPORAL: DISTRIBUSI KLASTER & TREND KUNJUNGAN
A2: Integrasi koordinat geografis (Lon/Lat) dengan data temporal untuk pemodelan dinamis potensi wisata
A4: RINGKASAN SPASIAL PER KLASTER
A5: Klaster | B5: Label | C5: n Titik | D5: Centroid Lon | E5: Centroid Lat | F5: Avg Kunjungan | G5: Avg Rating | H5: Avg Pendapatan (Jt Rp) | I5: Total Pendapatan (Jt Rp) | J5: Trend Avg (%) | K5: Zona Dominan | L5: Strategi
A6: 1 | B6: Klaster 1: Unggulan | C6: =COUNTIF('6_Hasil_Klaster'!C3:C17,1) -> 1 | D6: =AVERAGEIF('6_Hasil_Klaster'!C3:C17,1,'1_Dataset'!C4:C18) -> 110.2037 | E6: =AVERAGEIF('6_Hasil_Klaster'!C3:C17,1,'1_Dataset'!D4:D18) -> -7.6079 | F6: =AVERAGEIF('6_Hasil_Klaster'!C3:C17,1,'1_Dataset'!E4:E18) -> 1250000 | G6: =AVERAGEIF('6_Hasil_Klaster'!C3:C17,1,'1_Dataset'!F4:F18) -> 4.9 | H6: =AVERAGEIF('6_Hasil_Klaster'!C3:C17,1,'1_Dataset'!K4:K18) -> 18500 | I6: =SUMIF('6_Hasil_Klaster'!C3:C17,1,'1_Dataset'!K4:K18) -> 18500 | J6: =AVERAGEIF('6_Hasil_Klaster'!C3:C17,1,'1_Dataset'!L4:L18) -> 0.123 | K6: =IF(1=1,"Peak Season",IF(1=2,"Mid Season","Low Season")) -> Peak Season | L6: Pertahankan kualitas, ekspansi kapasitas, tingkatkan promosi internasional
A7: 2 | B7: Klaster 2: Berkembang | C7: =COUNTIF('6_Hasil_Klaster'!C3:C17,2) -> 8 | D7: =AVERAGEIF('6_Hasil_Klaster'!C3:C17,2,'1_Dataset'!C4:C18) -> 110.31016 | E7: =AVERAGEIF('6_Hasil_Klaster'!C3:C17,2,'1_Dataset'!D4:D18) -> -7.500775 | F7: =AVERAGEIF('6_Hasil_Klaster'!C3:C17,2,'1_Dataset'!E4:E18) -> 68125 | G7: =AVERAGEIF('6_Hasil_Klaster'!C3:C17,2,'1_Dataset'!F4:F18) -> 4.2125 | H7: =AVERAGEIF('6_Hasil_Klaster'!C3:C17,2,'1_Dataset'!K4:K18) -> 716.875 | I7: =SUMIF('6_Hasil_Klaster'!C3:C17,2,'1_Dataset'!K4:K18) -> 5735 | J7: =AVERAGEIF('6_Hasil_Klaster'!C3:C17,2,'1_Dataset'!L4:L18) -> 0.219875 | K7: =IF(2=1,"Peak Season",IF(2=2,"Mid Season","Low Season")) -> Mid Season | L7: Investasi infrastruktur, sertifikasi standar wisata, paket wisata kombinasi
A8: 3 | B8: Klaster 3: Potensial | C8: =COUNTIF('6_Hasil_Klaster'!C3:C17,3) -> 6 | D8: =AVERAGEIF('6_Hasil_Klaster'!C3:C17,3,'1_Dataset'!C4:C18) -> 110.20952 | E8: =AVERAGEIF('6_Hasil_Klaster'!C3:C17,3,'1_Dataset'!D4:D18) -> -7.5829 | F8: =AVERAGEIF('6_Hasil_Klaster'!C3:C17,3,'1_Dataset'!E4:E18) -> 133666.67 | G8: =AVERAGEIF('6_Hasil_Klaster'!C3:C17,3,'1_Dataset'!F4:F18) -> 4.25 | H8: =AVERAGEIF('6_Hasil_Klaster'!C3:C17,3,'1_Dataset'!K4:K18) -> 1575 | I8: =SUMIF('6_Hasil_Klaster'!C3:C17,3,'1_Dataset'!K4:K18) -> 9450 | J8: =AVERAGEIF('6_Hasil_Klaster'!C3:C17,3,'1_Dataset'!L4:L18) -> 0.13616667 | K8: =IF(3=1,"Peak Season",IF(3=2,"Mid Season","Low Season")) -> Low Season | L8: Pengembangan aksesibilitas, promosi digital, eco-tourism
A12: ANALISIS TEMPORAL: ESTIMASI PROYEKSI KUNJUNGAN (3 TAHUN KE DEPAN)
A13: ID | B13: Nama | C13: Klaster | D13: Kunjungan 2024 | E13: Trend YoY | F13: Proyeksi 2025 | G13: Proyeksi 2026 | H13: Proyeksi 2027 | I13: CAGR 3Thn | J13: Kategori Pertumbuhan
A14: ='1_Dataset'!A4 -> 1 | B14: ='1_Dataset'!B4 -> Candi Borobudur | C14: ='6_Hasil_Klaster'!C5 -> 3 | D14: ='1_Dataset'!E4 -> 1250000 | E14: ='1_Dataset'!L4 -> 0.123 | F14: =ROUND(D14*(1+E14),0) -> 1403750 | G14: =ROUND(F14*(1+E14),0) -> 1576411 | H14: =ROUND(G14*(1+E14),0) -> 1770310 | I14: =IFERROR((H14/D14)^(1/3)-1,0) -> 0.12300004 | J14: =IF(I14>0.3,"Sangat Cepat 🚀",IF(I14>0.15,"Cepat ⬆",IF(I14>0.05,"Moderat →","Lambat ⬇"))) -> Moderat →
A15: ='1_Dataset'!A5 -> 2 | B15: ='1_Dataset'!B5 -> Punthuk Setumbu | C15: ='6_Hasil_Klaster'!C6 -> 3 | D15: ='1_Dataset'!E5 -> 185000 | E15: ='1_Dataset'!L5 -> 0.185 | F15: =ROUND(D15*(1+E15),0) -> 219225 | G15: =ROUND(F15*(1+E15),0) -> 259782 | H15: =ROUND(G15*(1+E15),0) -> 307842 | I15: =IFERROR((H15/D15)^(1/3)-1,0) -> 0.18500099 | J15: =IF(I15>0.3,"Sangat Cepat 🚀",IF(I15>0.15,"Cepat ⬆",IF(I15>0.05,"Moderat →","Lambat ⬇"))) -> Cepat ⬆
A16: ='1_Dataset'!A6 -> 3 | B16: ='1_Dataset'!B6 -> Candi Pawon | C16: ='6_Hasil_Klaster'!C7 -> 2 | D16: ='1_Dataset'!E6 -> 95000 | E16: ='1_Dataset'!L6 -> 0.082 | F16: =ROUND(D16*(1+E16),0) -> 102790 | G16: =ROUND(F16*(1+E16),0) -> 111219 | H16: =ROUND(G16*(1+E16),0) -> 120339 | I16: =IFERROR((H16/D16)^(1/3)-1,0) -> 0.082000839 | J16: =IF(I16>0.3,"Sangat Cepat 🚀",IF(I16>0.15,"Cepat ⬆",IF(I16>0.05,"Moderat →","Lambat ⬇"))) -> Moderat →
A17: ='1_Dataset'!A7 -> 4 | B17: ='1_Dataset'!B7 -> Candi Mendut | C17: ='6_Hasil_Klaster'!C8 -> 2 | D17: ='1_Dataset'!E7 -> 125000 | E17: ='1_Dataset'!L7 -> 0.095 | F17: =ROUND(D17*(1+E17),0) -> 136875 | G17: =ROUND(F17*(1+E17),0) -> 149878 | H17: =ROUND(G17*(1+E17),0) -> 164116 | I17: =IFERROR((H17/D17)^(1/3)-1,0) -> 0.094998784 | J17: =IF(I17>0.3,"Sangat Cepat 🚀",IF(I17>0.15,"Cepat ⬆",IF(I17>0.05,"Moderat →","Lambat ⬇"))) -> Moderat →
A18: ='1_Dataset'!A8 -> 5 | B18: ='1_Dataset'!B8 -> Ketep Pass | C18: ='6_Hasil_Klaster'!C9 -> 2 | D18: ='1_Dataset'!E8 -> 210000 | E18: ='1_Dataset'!L8 -> 0.157 | F18: =ROUND(D18*(1+E18),0) -> 242970 | G18: =ROUND(F18*(1+E18),0) -> 281116 | H18: =ROUND(G18*(1+E18),0) -> 325251 | I18: =IFERROR((H18/D18)^(1/3)-1,0) -> 0.15699935 | J18: =IF(I18>0.3,"Sangat Cepat 🚀",IF(I18>0.15,"Cepat ⬆",IF(I18>0.05,"Moderat →","Lambat ⬇"))) -> Cepat ⬆
A19: ='1_Dataset'!A9 -> 6 | B19: ='1_Dataset'!B9 -> Kopeng | C19: ='6_Hasil_Klaster'!C10 -> 2 | D19: ='1_Dataset'!E9 -> 98000 | E19: ='1_Dataset'!L9 -> 0.053 | F19: =ROUND(D19*(1+E19),0) -> 103194 | G19: =ROUND(F19*(1+E19),0) -> 108663 | H19: =ROUND(G19*(1+E19),0) -> 114422 | I19: =IFERROR((H19/D19)^(1/3)-1,0) -> 0.052998663 | J19: =IF(I19>0.3,"Sangat Cepat 🚀",IF(I19>0.15,"Cepat ⬆",IF(I19>0.05,"Moderat →","Lambat ⬇"))) -> Moderat →
A20: ='1_Dataset'!A10 -> 7 | B20: ='1_Dataset'!B10 -> Air Terjun Kedung Kayang | C20: ='6_Hasil_Klaster'!C11 -> 3 | D20: ='1_Dataset'!E10 -> 42000 | E20: ='1_Dataset'!L10 -> 0.221 | F20: =ROUND(D20*(1+E20),0) -> 51282 | G20: =ROUND(F20*(1+E20),0) -> 62615 | H20: =ROUND(G20*(1+E20),0) -> 76453 | I20: =IFERROR((H20/D20)^(1/3)-1,0) -> 0.22099836 | J20: =IF(I20>0.3,"Sangat Cepat 🚀",IF(I20>0.15,"Cepat ⬆",IF(I20>0.05,"Moderat →","Lambat ⬇"))) -> Cepat ⬆
A21: ='1_Dataset'!A11 -> 8 | B21: ='1_Dataset'!B11 -> Telaga Bleder | C21: ='6_Hasil_Klaster'!C12 -> 2 | D21: ='1_Dataset'!E11 -> 35000 | E21: ='1_Dataset'!L11 -> 0.118 | F21: =ROUND(D21*(1+E21),0) -> 39130 | G21: =ROUND(F21*(1+E21),0) -> 43747 | H21: =ROUND(G21*(1+E21),0) -> 48909 | I21: =IFERROR((H21/D21)^(1/3)-1,0) -> 0.11799599 | J21: =IF(I21>0.3,"Sangat Cepat 🚀",IF(I21>0.15,"Cepat ⬆",IF(I21>0.05,"Moderat →","Lambat ⬇"))) -> Moderat →
A22: ='1_Dataset'!A12 -> 9 | B22: ='1_Dataset'!B12 -> Bukit Rhema (Gereja Ayam) | C22: ='6_Hasil_Klaster'!C13 -> 3 | D22: ='1_Dataset'!E12 -> 165000 | E22: ='1_Dataset'!L12 -> 0.352 | F22: =ROUND(D22*(1+E22),0) -> 223080 | G22: =ROUND(F22*(1+E22),0) -> 301604 | H22: =ROUND(G22*(1+E22),0) -> 407769 | I22: =IFERROR((H22/D22)^(1/3)-1,0) -> 0.35200019 | J22: =IF(I22>0.3,"Sangat Cepat 🚀",IF(I22>0.15,"Cepat ⬆",IF(I22>0.05,"Moderat →","Lambat ⬇"))) -> Sangat Cepat 🚀
A23: ='1_Dataset'!A13 -> 10 | B23: ='1_Dataset'!B13 -> Sawah Sukomakmur | C23: ='6_Hasil_Klaster'!C14 -> 3 | D23: ='1_Dataset'!E13 -> 28000 | E23: ='1_Dataset'!L13 -> 0.284 | F23: =ROUND(D23*(1+E23),0) -> 35952 | G23: =ROUND(F23*(1+E23),0) -> 46162 | H23: =ROUND(G23*(1+E23),0) -> 59272 | I23: =IFERROR((H23/D23)^(1/3)-1,0) -> 0.28399653 | J23: =IF(I23>0.3,"Sangat Cepat 🚀",IF(I23>0.15,"Cepat ⬆",IF(I23>0.05,"Moderat →","Lambat ⬇"))) -> Cepat ⬆
A24: ='1_Dataset'!A14 -> 11 | B24: ='1_Dataset'!B14 -> Museum Karmawibhangga | C24: ='6_Hasil_Klaster'!C15 -> 2 | D24: ='1_Dataset'!E14 -> 87000 | E24: ='1_Dataset'!L14 -> 0.061 | F24: =ROUND(D24*(1+E24),0) -> 92307 | G24: =ROUND(F24*(1+E24),0) -> 97938 | H24: =ROUND(G24*(1+E24),0) -> 103912 | I24: =IFERROR((H24/D24)^(1/3)-1,0) -> 0.061000244 | J24: =IF(I24>0.3,"Sangat Cepat 🚀",IF(I24>0.15,"Cepat ⬆",IF(I24>0.05,"Moderat →","Lambat ⬇"))) -> Moderat →
A25: ='1_Dataset'!A15 -> 12 | B25: ='1_Dataset'!B15 -> Taman Kyai Langgeng | C25: ='6_Hasil_Klaster'!C16 -> 2 | D25: ='1_Dataset'!E15 -> 145000 | E25: ='1_Dataset'!L15 -> 0.042 | F25: =ROUND(D25*(1+E25),0) -> 151090 | G25: =ROUND(F25*(1+E25),0) -> 157436 | H25: =ROUND(G25*(1+E25),0) -> 164048 | I25: =IFERROR((H25/D25)^(1/3)-1,0) -> 0.041999825 | J25: =IF(I25>0.3,"Sangat Cepat 🚀",IF(I25>0.15,"Cepat ⬆",IF(I25>0.05,"Moderat →","Lambat ⬇"))) -> Lambat ⬇
... A28: ='1_Dataset'!A18 -> 15 | B28: ='1_Dataset'!B18 -> Puthuk Mongkrong | C28: ='6_Hasil_Klaster'!C19 -> 0 | D28: ='1_Dataset'!E18 -> 45000 | E28: ='1_Dataset'!L18 -> 0.412 | F28: =ROUND(D28*(1+E28),0) -> 63540 | G28: =ROUND(F28*(1+E28),0) -> 89718 | H28: =ROUND(G28*(1+E28),0) -> 126682 | I28: =IFERROR((H28/D28)^(1/3)-1,0) -> 0.41199817 | J28: =IF(I28>0.3,"Sangat Cepat 🚀",IF(I28>0.15,"Cepat ⬆",IF(I28>0.05,"Moderat →","Lambat ⬇"))) -> Sangat Cepat 🚀
